1689353821.490289,10.0.2.1:54600,,,10,145
1689353821.523133,10.0.2.1:54602,,,10,37
1689353821.586919,10.0.2.1:54602,,,110,110
1689353821.617513,10.0.2.1:54602,,,95,95
1689353821.650912,10.0.2.1:54602,,,77,76
1689353821.680904,10.0.2.1:54602,,,80,76
1689353821.710577,10.0.2.1:54602,,,82,76
1689353821.740385,10.0.2.1:54602,,,85,76
1689353821.768190,10.0.2.1:54602,,,88,76
1689353821.795332,10.0.2.1:54602,,,86,85
1689353821.827760,10.0.2.1:54602,,,88,85
1689353821.859171,10.0.2.1:54602,,,88,88
1689353821.891976,10.0.2.1:54602,,,86,85
1689353821.925543,10.0.2.1:54602,,,89,85
1689353821.959635,10.0.2.1:54602,,,92,90
1689353821.992528,10.0.2.1:54602,,,92,90
1689353822.024229,10.0.2.1:54602,,,92,92
1689353822.057267,10.0.2.1:54602,,,92,90
1689353822.089699,10.0.2.1:54602,,,93,93
1689353822.120524,10.0.2.1:54602,,,92,91
1689353822.149603,10.0.2.1:54602,,,94,93
1689353822.179780,10.0.2.1:54602,,,90,90
1689353822.211558,10.0.2.1:54602,,,91,90
1689353822.244559,10.0.2.1:54602,,,92,90
1689353822.277026,10.0.2.1:54602,,,93,92
1689353822.308236,10.0.2.1:54602,,,90,89
1689353822.337230,10.0.2.1:54602,,,92,91
1689353822.370285,10.0.2.1:54602,,,93,93
1689353822.401541,10.0.2.1:54602,,,92,91
1689353822.434760,10.0.2.1:54602,,,93,93
1689353822.467769,10.0.2.1:54602,,,90,90
1689353822.497147,10.0.2.1:54602,,,90,90
1689353822.527917,10.0.2.1:54602,,,90,90
1689353822.562288,10.0.2.1:54602,,,91,89
1689353822.592896,10.0.2.1:54602,,,92,91
1689353822.625188,10.0.2.1:54602,,,93,93
1689353822.657434,10.0.2.1:54602,,,92,91
1689353822.690017,10.0.2.1:54602,,,94,93
1689353822.722100,10.0.2.1:54602,,,91,91
1689353822.754149,10.0.2.1:54602,,,93,91
1689353822.786257,10.0.2.1:54602,,,91,91
1689353822.818812,10.0.2.1:54602,,,93,91
1689353822.850544,10.0.2.1:54602,,,92,91
1689353822.882148,10.0.2.1:54602,,,92,91
1689353822.914841,10.0.2.1:54602,,,93,93
1689353822.946756,10.0.2.1:54602,,,90,89
1689353822.978972,10.0.2.1:54602,,,93,89
1689353823.011269,10.0.2.1:54602,,,91,89
1689353823.042878,10.0.2.1:54602,,,91,89
1689353823.075863,10.0.2.1:54602,,,91,90
1689353823.108574,10.0.2.1:54602,,,91,90
1689353823.142714,10.0.2.1:54602,,,94,93
1689353823.172825,10.0.2.1:54602,,,90,89
1689353823.204852,10.0.2.1:54602,,,91,91
1689353823.236884,10.0.2.1:54602,,,94,93
1689353823.266406,10.0.2.1:54602,,,89,89
1689353823.298412,10.0.2.1:54602,,,89,89
1689353823.331600,10.0.2.1:54602,,,89,88
1689353823.366279,10.0.2.1:54602,,,92,88
1689353823.398658,10.0.2.1:54602,,,92,92
1689353823.431223,10.0.2.1:54602,,,92,91
1689353823.463600,10.0.2.1:54602,,,93,93
1689353823.495444,10.0.2.1:54602,,,90,90
1689353823.528335,10.0.2.1:54602,,,90,90
1689353823.556474,10.0.2.1:54602,,,93,90
1689353823.584481,10.0.2.1:54602,,,91,89
1689353823.612358,10.0.2.1:54602,,,91,89
1689353823.639633,10.0.2.1:54602,,,92,91
1689353823.669889,10.0.2.1:54602,,,93,93
1689353823.702056,10.0.2.1:54602,,,92,91
1689353823.733625,10.0.2.1:54602,,,93,93
1689353823.765631,10.0.2.1:54602,,,90,90
1689353823.797747,10.0.2.1:54602,,,90,90
1689353823.828755,10.0.2.1:54602,,,91,91
1689353823.861242,10.0.2.1:54602,,,93,91
1689353823.893436,10.0.2.1:54602,,,92,91
1689353823.924153,10.0.2.1:54602,,,92,90
1689353823.957203,10.0.2.1:54602,,,93,93
1689353823.988044,10.0.2.1:54602,,,89,89
1689353824.019389,10.0.2.1:54602,,,91,89
1689353824.053065,10.0.2.1:54602,,,93,89
1689353824.084798,10.0.2.1:54602,,,91,91
1689353824.117841,10.0.2.1:54602,,,93,91
1689353824.150348,10.0.2.1:54602,,,91,91
1689353824.183566,10.0.2.1:54602,,,93,91
1689353824.218462,10.0.2.1:54602,,,91,89
1689353824.250461,10.0.2.1:54602,,,91,89
1689353824.283538,10.0.2.1:54602,,,91,90
1689353824.314955,10.0.2.1:54602,,,91,90
1689353824.346429,10.0.2.1:54602,,,94,93
1689353824.377886,10.0.2.1:54602,,,90,89
1689353824.408982,10.0.2.1:54602,,,91,91
1689353824.441398,10.0.2.1:54602,,,93,91
1689353824.474038,10.0.2.1:54602,,,91,89
1689353824.506462,10.0.2.1:54602,,,91,89
1689353824.538721,10.0.2.1:54602,,,93,93
1689353824.570747,10.0.2.1:54602,,,90,89
1689353824.602942,10.0.2.1:54602,,,91,89
1689353824.634595,10.0.2.1:54602,,,93,92
1689353824.667132,10.0.2.1:54602,,,92,91
1689353824.699522,10.0.2.1:54602,,,93,93
1689353824.732189,10.0.2.1:54602,,,91,91
1689353824.764511,10.0.2.1:54602,,,93,91
1689353824.799803,10.0.2.1:54602,,,91,91
1689353824.830137,10.0.2.1:54602,,,93,91
1689353824.862036,10.0.2.1:54602,,,91,89
1689353824.893790,10.0.2.1:54602,,,91,89
1689353824.925219,10.0.2.1:54602,,,92,90
1689353824.957495,10.0.2.1:54602,,,93,92
1689353824.989987,10.0.2.1:54602,,,90,89
1689353825.022276,10.0.2.1:54602,,,90,89
1689353825.054515,10.0.2.1:54602,,,90,90
1689353825.086075,10.0.2.1:54602,,,91,90
1689353825.120658,10.0.2.1:54602,,,92,91
1689353825.155557,10.0.2.1:54602,,,92,91
1689353825.190267,10.0.2.1:54602,,,92,90
1689353825.222476,10.0.2.1:54602,,,93,93
1689353825.254494,10.0.2.1:54602,,,91,91
1689353825.285783,10.0.2.1:54602,,,93,93
1689353825.317954,10.0.2.1:54602,,,91,91
1689353825.350974,10.0.2.1:54602,,,93,91
1689353825.383574,10.0.2.1:54602,,,92,91
1689353825.414863,10.0.2.1:54602,,,91,90
1689353825.446537,10.0.2.1:54602,,,92,90
1689353825.478460,10.0.2.1:54602,,,94,93
1689353825.510179,10.0.2.1:54602,,,90,89
1689353825.542174,10.0.2.1:54602,,,91,91
1689353825.573663,10.0.2.1:54602,,,93,93
1689353825.604305,10.0.2.1:54602,,,92,91
1689353825.637330,10.0.2.1:54602,,,93,93
1689353825.670782,10.0.2.1:54602,,,90,90
1689353825.702397,10.0.2.1:54602,,,90,90
1689353825.733656,10.0.2.1:54602,,,93,90
1689353825.765520,10.0.2.1:54602,,,91,91
1689353825.796243,10.0.2.1:54602,,,91,89
1689353825.828389,10.0.2.1:54602,,,92,91
1689353825.858214,10.0.2.1:54602,,,93,93
1689353825.890774,10.0.2.1:54602,,,90,89
1689353825.922518,10.0.2.1:54602,,,92,89
1689353825.952393,10.0.2.1:54602,,,91,91
1689353825.981908,10.0.2.1:54602,,,92,91
1689353826.014001,10.0.2.1:54602,,,93,93
1689353826.046488,10.0.2.1:54602,,,91,91
1689353826.078471,10.0.2.1:54602,,,94,91
1689353826.111179,10.0.2.1:54602,,,90,90
1689353826.142778,10.0.2.1:54602,,,92,90
1689353826.173247,10.0.2.1:54602,,,93,91
1689353826.204654,10.0.2.1:54602,,,92,92
1689353826.236541,10.0.2.1:54602,,,92,91
1689353826.268910,10.0.2.1:54602,,,93,93
1689353826.302413,10.0.2.1:54602,,,91,91
1689353826.333326,10.0.2.1:54602,,,93,91
1689353826.364367,10.0.2.1:54602,,,91,89
1689353826.391865,10.0.2.1:54602,,,92,90
1689353826.426078,10.0.2.1:54602,,,92,90
1689353826.458067,10.0.2.1:54602,,,93,92
1689353826.490641,10.0.2.1:54602,,,90,89
1689353826.521928,10.0.2.1:54602,,,91,90
1689353826.553666,10.0.2.1:54602,,,93,90
1689353826.585920,10.0.2.1:54602,,,89,89
1689353826.617988,10.0.2.1:54602,,,89,89
1689353826.648027,10.0.2.1:54602,,,92,89
1689353826.674339,10.0.2.1:54602,,,93,93
1689353826.706121,10.0.2.1:54602,,,89,89
1689353826.737813,10.0.2.1:54602,,,90,89
1689353826.769782,10.0.2.1:54602,,,91,89
1689353826.801281,10.0.2.1:54602,,,91,91
1689353826.832673,10.0.2.1:54602,,,94,93
1689353826.865079,10.0.2.1:54602,,,90,90
1689353826.898767,10.0.2.1:54602,,,91,91
1689353826.932146,10.0.2.1:54602,,,94,93
1689353826.966421,10.0.2.1:54602,,,90,89
1689353826.999422,10.0.2.1:54602,,,90,90
1689353827.031270,10.0.2.1:54602,,,93,90
1689353827.063991,10.0.2.1:54602,,,91,89
1689353827.095793,10.0.2.1:54602,,,90,89
1689353827.127443,10.0.2.1:54602,,,92,89
1689353827.160734,10.0.2.1:54602,,,91,91
1689353827.191580,10.0.2.1:54602,,,93,93
1689353827.223767,10.0.2.1:54602,,,91,91
1689353827.254776,10.0.2.1:54602,,,93,91
1689353827.287799,10.0.2.1:54602,,,92,91
1689353827.317140,10.0.2.1:54602,,,92,91
1689353827.349976,10.0.2.1:54602,,,92,92
1689353827.381629,10.0.2.1:54602,,,92,91
1689353827.413142,10.0.2.1:54602,,,93,93
1689353827.445437,10.0.2.1:54602,,,91,91
1689353827.477695,10.0.2.1:54602,,,93,91
1689353827.508402,10.0.2.1:54602,,,90,90
1689353827.536919,10.0.2.1:54602,,,91,90
1689353827.567567,10.0.2.1:54602,,,92,90
1689353827.596882,10.0.2.1:54602,,,94,93
1689353827.627485,10.0.2.1:54602,,,90,89
1689353827.656542,10.0.2.1:54602,,,91,91
1689353827.688337,10.0.2.1:54602,,,93,91
1689353827.720146,10.0.2.1:54602,,,91,91
1689353827.747127,10.0.2.1:54602,,,93,91
1689353827.777401,10.0.2.1:54602,,,90,90
1689353827.808628,10.0.2.1:54602,,,91,90
1689353827.842285,10.0.2.1:54602,,,91,90
1689353827.874673,10.0.2.1:54602,,,92,91
1689353827.907130,10.0.2.1:54602,,,93,93
1689353827.938119,10.0.2.1:54602,,,91,90
1689353827.971482,10.0.2.1:54602,,,93,90
1689353828.003487,10.0.2.1:54602,,,89,89
1689353828.035878,10.0.2.1:54602,,,90,89
1689353828.068735,10.0.2.1:54602,,,92,89
1689353828.102785,10.0.2.1:54602,,,92,91
1689353828.133436,10.0.2.1:54602,,,93,91
1689353828.163504,10.0.2.1:54602,,,92,92
1689353828.192591,10.0.2.1:54602,,,92,91
1689353828.224144,10.0.2.1:54602,,,94,93
1689353828.255187,10.0.2.1:54602,,,90,89
1689353828.286708,10.0.2.1:54602,,,90,90
1689353828.318830,10.0.2.1:54602,,,91,90
1689353828.349958,10.0.2.1:54602,,,92,90
1689353828.380937,10.0.2.1:54602,,,93,92
1689353828.410882,10.0.2.1:54602,,,90,89
1689353828.442834,10.0.2.1:54602,,,91,91
1689353828.474185,10.0.2.1:54602,,,93,91
1689353828.506681,10.0.2.1:54602,,,91,89
1689353828.538442,10.0.2.1:54602,,,92,89
1689353828.569740,10.0.2.1:54602,,,93,92
1689353828.601766,10.0.2.1:54602,,,90,89
1689353828.631804,10.0.2.1:54602,,,92,89
1689353828.664303,10.0.2.1:54602,,,93,92
1689353828.698403,10.0.2.1:54602,,,92,91
1689353828.731200,10.0.2.1:54602,,,93,92
1689353828.763232,10.0.2.1:54602,,,91,91
1689353828.794795,10.0.2.1:54602,,,94,93
1689353828.826792,10.0.2.1:54602,,,91,91
1689353828.858882,10.0.2.1:54602,,,93,91
1689353828.890562,10.0.2.1:54602,,,91,89
1689353828.922243,10.0.2.1:54602,,,91,89
1689353828.953879,10.0.2.1:54602,,,91,89
1689353828.984859,10.0.2.1:54602,,,91,90
1689353829.014954,10.0.2.1:54602,,,93,90
1689353829.044757,10.0.2.1:54602,,,89,89
1689353829.074782,10.0.2.1:54602,,,91,89
1689353829.104548,10.0.2.1:54602,,,91,91
1689353829.134810,10.0.2.1:54602,,,94,93
1689353829.166026,10.0.2.1:54602,,,89,89
1689353829.198586,10.0.2.1:54602,,,91,89
1689353829.230241,10.0.2.1:54602,,,92,92
1689353829.262084,10.0.2.1:54602,,,93,91
1689353829.293122,10.0.2.1:54602,,,91,91
1689353829.325638,10.0.2.1:54602,,,92,91
1689353829.357230,10.0.2.1:54602,,,92,92
1689353829.389426,10.0.2.1:54602,,,90,90
1689353829.419711,10.0.2.1:54602,,,91,90
1689353829.452771,10.0.2.1:54602,,,93,90
1689353829.485022,10.0.2.1:54602,,,91,89
1689353829.517379,10.0.2.1:54602,,,92,91
1689353829.549853,10.0.2.1:54602,,,93,91
1689353829.582121,10.0.2.1:54602,,,91,89
1689353829.613103,10.0.2.1:54602,,,92,89
1689353829.644575,10.0.2.1:54602,,,92,90
1689353829.677874,10.0.2.1:54602,,,93,92
1689353829.710883,10.0.2.1:54602,,,90,89
1689353829.742444,10.0.2.1:54602,,,91,90
1689353829.774032,10.0.2.1:54602,,,94,93
1689353829.805600,10.0.2.1:54602,,,89,89
1689353829.835816,10.0.2.1:54602,,,90,89
1689353829.866890,10.0.2.1:54602,,,92,89
1689353829.899468,10.0.2.1:54602,,,91,91
1689353829.930863,10.0.2.1:54602,,,93,91
1689353829.962772,10.0.2.1:54602,,,91,91
1689353829.993968,10.0.2.1:54602,,,93,91
1689353830.024528,10.0.2.1:54602,,,92,92
1689353830.056521,10.0.2.1:54602,,,92,91
1689353830.088803,10.0.2.1:54602,,,94,93
1689353830.118721,10.0.2.1:54602,,,91,91
1689353830.150243,10.0.2.1:54602,,,93,91
1689353830.181496,10.0.2.1:54602,,,91,91
1689353830.212666,10.0.2.1:54602,,,91,89
1689353830.242022,10.0.2.1:54602,,,94,93
1689353830.272723,10.0.2.1:54602,,,91,89
1689353830.305103,10.0.2.1:54602,,,91,89
1689353830.337379,10.0.2.1:54602,,,91,89
1689353830.371040,10.0.2.1:54602,,,91,90
1689353830.402457,10.0.2.1:54602,,,94,93
1689353830.432078,10.0.2.1:54602,,,90,89
1689353830.459109,10.0.2.1:54602,,,90,90
1689353830.491888,10.0.2.1:54602,,,92,90
1689353830.526113,10.0.2.1:54602,,,91,91
1689353830.559077,10.0.2.1:54602,,,90,89
1689353830.588322,10.0.2.1:54602,,,92,89
1689353830.615105,10.0.2.1:54602,,,92,92
1689353830.649923,10.0.2.1:54602,,,93,91
1689353830.680266,10.0.2.1:54602,,,92,91
1689353830.707549,10.0.2.1:54602,,,92,91
1689353830.741630,10.0.2.1:54602,,,93,93
1689353830.772535,10.0.2.1:54602,,,91,91
1689353830.804602,10.0.2.1:54602,,,93,93
1689353830.836713,10.0.2.1:54602,,,91,91
1689353830.868288,10.0.2.1:54602,,,93,91
1689353830.901043,10.0.2.1:54602,,,92,91
1689353830.933187,10.0.2.1:54602,,,93,91
1689353830.965651,10.0.2.1:54602,,,93,92
1689353830.998277,10.0.2.1:54602,,,90,90
1689353831.029696,10.0.2.1:54602,,,91,90
1689353831.061690,10.0.2.1:54602,,,93,90
1689353831.092879,10.0.2.1:54602,,,91,89
1689353831.125569,10.0.2.1:54602,,,92,91
1689353831.158160,10.0.2.1:54602,,,93,91
1689353831.190214,10.0.2.1:54602,,,91,91
1689353831.220377,10.0.2.1:54602,,,94,91
1689353831.247593,10.0.2.1:54602,,,90,90
1689353831.282125,10.0.2.1:54602,,,91,90
1689353831.314592,10.0.2.1:54602,,,91,90
1689353831.346873,10.0.2.1:54602,,,90,89
1689353831.377451,10.0.2.1:54602,,,91,91
1689353831.407473,10.0.2.1:54602,,,93,91
1689353831.439640,10.0.2.1:54602,,,91,91
1689353831.474278,10.0.2.1:54602,,,93,91
1689353831.505578,10.0.2.1:54602,,,92,92
1689353831.537854,10.0.2.1:54602,,,92,91
1689353831.569687,10.0.2.1:54602,,,92,92
1689353831.601262,10.0.2.1:54602,,,92,91
1689353831.633761,10.0.2.1:54602,,,93,93
1689353831.665651,10.0.2.1:54602,,,91,91
1689353831.698228,10.0.2.1:54602,,,93,91
1689353831.730595,10.0.2.1:54602,,,91,89
1689353831.762755,10.0.2.1:54602,,,92,89
1689353831.792771,10.0.2.1:54602,,,94,93
1689353831.825488,10.0.2.1:54602,,,90,89
1689353831.856559,10.0.2.1:54602,,,90,90
1689353831.888702,10.0.2.1:54602,,,91,90
1689353831.920947,10.0.2.1:54602,,,92,90
1689353831.952089,10.0.2.1:54602,,,93,92
1689353831.985005,10.0.2.1:54602,,,90,89
1689353832.019093,10.0.2.1:54602,,,92,91
1689353832.052174,10.0.2.1:54602,,,93,92
1689353832.082179,10.0.2.1:54602,,,91,89
1689353832.115253,10.0.2.1:54602,,,89,89
1689353832.144794,10.0.2.1:54602,,,91,89
1689353832.176665,10.0.2.1:54602,,,93,89
1689353832.210022,10.0.2.1:54602,,,91,91
1689353832.240317,10.0.2.1:54602,,,91,89
1689353832.270348,10.0.2.1:54602,,,94,93
1689353832.301179,10.0.2.1:54602,,,90,89
1689353832.333142,10.0.2.1:54602,,,90,90
1689353832.366721,10.0.2.1:54602,,,89,89
1689353832.398463,10.0.2.1:54602,,,90,88
1689353832.430561,10.0.2.1:54602,,,92,91
1689353832.461737,10.0.2.1:54602,,,93,91
1689353832.494102,10.0.2.1:54602,,,92,92
1689353832.524642,10.0.2.1:54602,,,91,90
1689353832.557205,10.0.2.1:54602,,,93,93
1689353832.587309,10.0.2.1:54602,,,90,90
1689353832.618548,10.0.2.1:54602,,,91,91
1689353832.650027,10.0.2.1:54602,,,94,93
1689353832.680411,10.0.2.1:54602,,,91,91
1689353832.709188,10.0.2.1:54602,,,93,91
1689353832.743108,10.0.2.1:54602,,,91,89
1689353832.772577,10.0.2.1:54602,,,91,89
1689353832.806573,10.0.2.1:54602,,,90,90
1689353832.839163,10.0.2.1:54602,,,90,89
1689353832.872860,10.0.2.1:54602,,,92,91
1689353832.902538,10.0.2.1:54602,,,93,91
1689353832.934004,10.0.2.1:54602,,,91,89
1689353832.966291,10.0.2.1:54602,,,91,89
1689353832.998013,10.0.2.1:54602,,,94,89
1689353833.028300,10.0.2.1:54602,,,89,89
1689353833.056797,10.0.2.1:54602,,,92,89
1689353833.089865,10.0.2.1:54602,,,94,93
1689353833.121793,10.0.2.1:54602,,,92,90
1689353833.154703,10.0.2.1:54602,,,92,90
1689353833.187883,10.0.2.1:54602,,,91,90
1689353833.219962,10.0.2.1:54602,,,92,90
1689353833.254463,10.0.2.1:54602,,,94,93
1689353833.287370,10.0.2.1:54602,,,90,89
1689353833.317574,10.0.2.1:54602,,,91,90
1689353833.350763,10.0.2.1:54602,,,93,90
1689353833.381769,10.0.2.1:54602,,,91,89
1689353833.412262,10.0.2.1:54602,,,91,89
1689353833.443586,10.0.2.1:54602,,,91,89
1689353833.476085,10.0.2.1:54602,,,94,89
1689353833.508698,10.0.2.1:54602,,,91,90
1689353833.540648,10.0.2.1:54602,,,93,90
1689353833.571354,10.0.2.1:54602,,,90,90
1689353833.604215,10.0.2.1:54602,,,93,90
1689353833.639541,10.0.2.1:54602,,,90,90
1689353833.671498,10.0.2.1:54602,,,93,90
1689353833.702791,10.0.2.1:54602,,,90,90
1689353833.733954,10.0.2.1:54602,,,91,90
1689353833.766272,10.0.2.1:54602,,,92,90
1689353833.798483,10.0.2.1:54602,,,93,92
1689353833.828418,10.0.2.1:54602,,,91,89
1689353833.855658,10.0.2.1:54602,,,91,90
1689353833.886200,10.0.2.1:54602,,,93,90
1689353833.917623,10.0.2.1:54602,,,91,89
1689353833.949473,10.0.2.1:54602,,,91,89
1689353833.981848,10.0.2.1:54602,,,91,89
1689353834.013895,10.0.2.1:54602,,,90,90
1689353834.046132,10.0.2.1:54602,,,90,90
1689353834.078186,10.0.2.1:54602,,,90,89
1689353834.111638,10.0.2.1:54602,,,91,91
1689353834.143282,10.0.2.1:54602,,,93,91
1689353834.175774,10.0.2.1:54602,,,91,91
1689353834.207993,10.0.2.1:54602,,,93,91
1689353834.239638,10.0.2.1:54602,,,91,91
1689353834.273505,10.0.2.1:54602,,,92,91
1689353834.306498,10.0.2.1:54602,,,91,91
1689353834.339354,10.0.2.1:54602,,,90,89
1689353834.370357,10.0.2.1:54602,,,92,91
1689353834.399621,10.0.2.1:54602,,,93,93
1689353834.431216,10.0.2.1:54602,,,90,89
1689353834.463298,10.0.2.1:54602,,,92,91
1689353834.493808,10.0.2.1:54602,,,93,91
1689353834.524807,10.0.2.1:54602,,,91,89
1689353834.556614,10.0.2.1:54602,,,92,89
1689353834.586427,10.0.2.1:54602,,,94,93
1689353834.618225,10.0.2.1:54602,,,91,90
1689353834.650223,10.0.2.1:54602,,,92,92
1689353834.682751,10.0.2.1:54602,,,91,90
1689353834.714081,10.0.2.1:54602,,,94,93
1689353834.746081,10.0.2.1:54602,,,89,89
1689353834.778183,10.0.2.1:54602,,,91,89
1689353834.812391,10.0.2.1:54602,,,90,90
1689353834.840211,10.0.2.1:54602,,,91,90
1689353834.869595,10.0.2.1:54602,,,93,90
1689353834.903045,10.0.2.1:54602,,,91,91
1689353834.933192,10.0.2.1:54602,,,90,89
1689353834.965316,10.0.2.1:54602,,,90,89
1689353834.998979,10.0.2.1:54602,,,90,90
1689353835.030642,10.0.2.1:54602,,,93,90
1689353835.061459,10.0.2.1:54602,,,92,92
1689353835.093453,10.0.2.1:54602,,,91,90
1689353835.125130,10.0.2.1:54602,,,92,91
1689353835.158732,10.0.2.1:54602,,,93,92
1689353835.191360,10.0.2.1:54602,,,91,89
1689353835.220300,10.0.2.1:54602,,,91,90
1689353835.248742,10.0.2.1:54602,,,94,93
1689353835.280510,10.0.2.1:54602,,,89,89
1689353835.311912,10.0.2.1:54602,,,90,89
1689353835.346484,10.0.2.1:54602,,,92,89
1689353835.379454,10.0.2.1:54602,,,91,91
1689353835.412613,10.0.2.1:54602,,,93,93
1689353835.444671,10.0.2.1:54602,,,91,91
1689353835.476723,10.0.2.1:54602,,,94,93
1689353835.507820,10.0.2.1:54602,,,91,91
1689353835.540319,10.0.2.1:54602,,,93,91
1689353835.567202,10.0.2.1:54602,,,91,91
1689353835.599835,10.0.2.1:54602,,,92,91
1689353835.631605,10.0.2.1:54602,,,93,92
1689353835.666036,10.0.2.1:54602,,,91,91
1689353835.698141,10.0.2.1:54602,,,94,93
1689353835.730048,10.0.2.1:54602,,,90,90
1689353835.761606,10.0.2.1:54602,,,91,90
1689353835.793610,10.0.2.1:54602,,,92,90
1689353835.825753,10.0.2.1:54602,,,93,92
1689353835.858306,10.0.2.1:54602,,,91,89
1689353835.891674,10.0.2.1:54602,,,92,91
1689353835.925292,10.0.2.1:54602,,,92,92
1689353835.959409,10.0.2.1:54602,,,93,91
1689353835.989350,10.0.2.1:54602,,,90,90
1689353836.020953,10.0.2.1:54602,,,91,90
1689353836.051418,10.0.2.1:54602,,,90,90
1689353836.083864,10.0.2.1:54602,,,92,91
1689353836.117394,10.0.2.1:54602,,,93,91
1689353836.151015,10.0.2.1:54602,,,91,89
1689353836.183253,10.0.2.1:54602,,,91,89
1689353836.217300,10.0.2.1:54602,,,92,92
1689353836.249578,10.0.2.1:54602,,,92,91
1689353836.279827,10.0.2.1:54602,,,92,92
1689353836.313506,10.0.2.1:54602,,,92,91
1689353836.345467,10.0.2.1:54602,,,93,93
1689353836.375643,10.0.2.1:54602,,,91,91
1689353836.407469,10.0.2.1:54602,,,93,91
1689353836.439504,10.0.2.1:54602,,,91,91
1689353836.471364,10.0.2.1:54602,,,93,91
1689353836.503851,10.0.2.1:54602,,,91,91
1689353836.535098,10.0.2.1:54602,,,93,91
1689353836.567577,10.0.2.1:54602,,,92,92
1689353836.597870,10.0.2.1:54602,,,92,91
1689353836.629710,10.0.2.1:54602,,,93,93
1689353836.661151,10.0.2.1:54602,,,90,89
1689353836.693236,10.0.2.1:54602,,,92,89
1689353836.724001,10.0.2.1:54602,,,93,92
1689353836.755540,10.0.2.1:54602,,,91,89
1689353836.787815,10.0.2.1:54602,,,90,90
1689353836.821630,10.0.2.1:54602,,,89,89
1689353836.853587,10.0.2.1:54602,,,92,89
1689353836.886008,10.0.2.1:54602,,,93,91
1689353836.916817,10.0.2.1:54602,,,89,89
1689353836.949106,10.0.2.1:54602,,,91,89
1689353836.979866,10.0.2.1:54602,,,92,92
1689353837.013262,10.0.2.1:54602,,,92,91
1689353837.045378,10.0.2.1:54602,,,92,92
1689353837.078590,10.0.2.1:54602,,,92,91
1689353837.110296,10.0.2.1:54602,,,93,93
1689353837.141420,10.0.2.1:54602,,,92,91
1689353837.173168,10.0.2.1:54602,,,94,93
1689353837.206354,10.0.2.1:54602,,,91,91
1689353837.238676,10.0.2.1:54602,,,93,91
1689353837.271216,10.0.2.1:54602,,,91,89
1689353837.303324,10.0.2.1:54602,,,91,89
1689353837.337531,10.0.2.1:54602,,,94,93
1689353837.368730,10.0.2.1:54602,,,90,89
1689353837.401902,10.0.2.1:54602,,,90,90
1689353837.434182,10.0.2.1:54602,,,91,90
1689353837.467605,10.0.2.1:54602,,,91,89
1689353837.501722,10.0.2.1:54602,,,93,93
1689353837.534544,10.0.2.1:54602,,,89,89
1689353837.567862,10.0.2.1:54602,,,91,89
1689353837.601517,10.0.2.1:54602,,,93,89
1689353837.634244,10.0.2.1:54602,,,92,91
1689353837.668002,10.0.2.1:54602,,,93,93
1689353837.696047,10.0.2.1:54602,,,92,91
1689353837.730463,10.0.2.1:54602,,,93,91
1689353837.763703,10.0.2.1:54602,,,91,91
1689353837.797455,10.0.2.1:54602,,,93,91
1689353837.829315,10.0.2.1:54602,,,92,91
1689353837.863113,10.0.2.1:54602,,,92,91
1689353837.896280,10.0.2.1:54602,,,93,92
1689353837.928927,10.0.2.1:54602,,,91,89
1689353837.960950,10.0.2.1:54602,,,93,89
1689353837.991411,10.0.2.1:54602,,,91,89
1689353838.024424,10.0.2.1:54602,,,91,89
1689353838.056298,10.0.2.1:54602,,,91,90
1689353838.086068,10.0.2.1:54602,,,91,90
1689353838.118143,10.0.2.1:54602,,,94,90
1689353838.149852,10.0.2.1:54602,,,89,89
1689353838.182094,10.0.2.1:54602,,,91,91
1689353838.212589,10.0.2.1:54602,,,94,91
1689353838.243014,10.0.2.1:54602,,,89,89
1689353838.274708,10.0.2.1:54602,,,92,90
1689353838.306658,10.0.2.1:54602,,,89,89
1689353838.338610,10.0.2.1:54602,,,92,89
1689353838.368370,10.0.2.1:54602,,,91,91
1689353838.401972,10.0.2.1:54602,,,92,91
1689353838.435210,10.0.2.1:54602,,,93,92
1689353838.467366,10.0.2.1:54602,,,91,89
1689353838.498345,10.0.2.1:54602,,,93,89
1689353838.530356,10.0.2.1:54602,,,91,89
1689353838.561694,10.0.2.1:54602,,,92,89
1689353838.595517,10.0.2.1:54602,,,91,90
1689353838.626359,10.0.2.1:54602,,,91,90
1689353838.659620,10.0.2.1:54602,,,94,93
1689353838.688627,10.0.2.1:54602,,,90,89
1689353838.720943,10.0.2.1:54602,,,91,91
1689353838.752477,10.0.2.1:54602,,,94,93
1689353838.785707,10.0.2.1:54602,,,89,89
1689353838.817044,10.0.2.1:54602,,,90,90
1689353838.847521,10.0.2.1:54602,,,90,89
1689353838.878377,10.0.2.1:54602,,,92,89
1689353838.910464,10.0.2.1:54602,,,93,93
1689353838.942004,10.0.2.1:54602,,,90,89
1689353838.971702,10.0.2.1:54602,,,93,89
1689353839.003935,10.0.2.1:54602,,,93,92
1689353839.036711,10.0.2.1:54602,,,91,89
1689353839.068450,10.0.2.1:54602,,,90,90
1689353839.099278,10.0.2.1:54602,,,90,90
1689353839.131309,10.0.2.1:54602,,,93,90
1689353839.163137,10.0.2.1:54602,,,91,89
1689353839.194306,10.0.2.1:54602,,,91,89
1689353839.224602,10.0.2.1:54602,,,93,91
1689353839.256226,10.0.2.1:54602,,,91,91
1689353839.285139,10.0.2.1:54602,,,91,89
1689353839.317274,10.0.2.1:54602,,,89,89
1689353839.349470,10.0.2.1:54602,,,91,89
1689353839.381654,10.0.2.1:54602,,,94,89
1689353839.415249,10.0.2.1:54602,,,89,89
1689353839.447018,10.0.2.1:54602,,,92,89
1689353839.479141,10.0.2.1:54602,,,93,92
1689353839.510765,10.0.2.1:54602,,,90,89
1689353839.543129,10.0.2.1:54602,,,90,89
1689353839.574113,10.0.2.1:54602,,,90,90
1689353839.605811,10.0.2.1:54602,,,92,90
1689353839.638043,10.0.2.1:54602,,,93,92
1689353839.670956,10.0.2.1:54602,,,91,89
1689353839.702339,10.0.2.1:54602,,,91,90
1689353839.731744,10.0.2.1:54602,,,94,93
1689353839.763811,10.0.2.1:54602,,,89,89
1689353839.796578,10.0.2.1:54602,,,91,89
1689353839.828115,10.0.2.1:54602,,,93,89
1689353839.859030,10.0.2.1:54602,,,92,91
1689353839.890167,10.0.2.1:54602,,,94,93
1689353839.922668,10.0.2.1:54602,,,89,89
1689353839.954005,10.0.2.1:54602,,,92,89
1689353839.985833,10.0.2.1:54602,,,93,92
1689353840.017227,10.0.2.1:54602,,,90,89
1689353840.049038,10.0.2.1:54602,,,90,89
1689353840.080760,10.0.2.1:54602,,,90,90
1689353840.114454,10.0.2.1:54602,,,92,90
1689353840.147934,10.0.2.1:54602,,,91,91
1689353840.182390,10.0.2.1:54602,,,91,89
1689353840.215052,10.0.2.1:54602,,,91,89
1689353840.248198,10.0.2.1:54602,,,94,93
1689353840.278478,10.0.2.1:54602,,,89,89
1689353840.309939,10.0.2.1:54602,,,90,89
1689353840.340987,10.0.2.1:54602,,,92,89
1689353840.374395,10.0.2.1:54602,,,92,91
1689353840.407440,10.0.2.1:54602,,,93,91
1689353840.438853,10.0.2.1:54602,,,92,91
1689353840.470895,10.0.2.1:54602,,,92,91
1689353840.500926,10.0.2.1:54602,,,93,92
1689353840.534690,10.0.2.1:54602,,,90,89
1689353840.565831,10.0.2.1:54602,,,90,90
1689353840.597591,10.0.2.1:54602,,,91,90
1689353840.629998,10.0.2.1:54602,,,91,90
1689353840.662722,10.0.2.1:54602,,,92,91
1689353840.694358,10.0.2.1:54602,,,93,92
1689353840.725984,10.0.2.1:54602,,,91,90
1689353840.756049,10.0.2.1:54602,,,94,93
1689353840.789579,10.0.2.1:54602,,,89,89
1689353840.821554,10.0.2.1:54602,,,90,89
1689353840.854138,10.0.2.1:54602,,,92,89
1689353840.885884,10.0.2.1:54602,,,92,91
1689353840.918971,10.0.2.1:54602,,,93,91
1689353840.950545,10.0.2.1:54602,,,92,92
1689353840.983058,10.0.2.1:54602,,,92,91
1689353841.013890,10.0.2.1:54602,,,93,92
1689353841.046552,10.0.2.1:54602,,,90,89
1689353841.078248,10.0.2.1:54602,,,90,90
1689353841.108123,10.0.2.1:54602,,,90,90
1689353841.134424,10.0.2.1:54602,,,92,90
1689353841.166161,10.0.2.1:54602,,,93,92
1689353841.195833,10.0.2.1:54602,,,90,89
1689353841.228644,10.0.2.1:54602,,,89,89
1689353841.262568,10.0.2.1:54602,,,91,89
1689353841.294684,10.0.2.1:54602,,,92,90
1689353841.324114,10.0.2.1:54602,,,93,92
1689353841.354872,10.0.2.1:54602,,,91,91
1689353841.388205,10.0.2.1:54602,,,93,93
1689353841.422260,10.0.2.1:54602,,,91,91
1689353841.455568,10.0.2.1:54602,,,93,91
1689353841.488269,10.0.2.1:54602,,,90,90
1689353841.518293,10.0.2.1:54602,,,91,90
1689353841.551230,10.0.2.1:54602,,,92,90
1689353841.580820,10.0.2.1:54602,,,93,92
1689353841.612830,10.0.2.1:54602,,,90,89
1689353841.646089,10.0.2.1:54602,,,92,91
1689353841.678341,10.0.2.1:54602,,,93,93
1689353841.709994,10.0.2.1:54602,,,92,91
1689353841.741833,10.0.2.1:54602,,,93,92
1689353841.776494,10.0.2.1:54602,,,90,90
1689353841.803485,10.0.2.1:54602,,,90,90
1689353841.836097,10.0.2.1:54602,,,92,91
1689353841.865104,10.0.2.1:54602,,,93,91
1689353841.898997,10.0.2.1:54602,,,92,91
1689353841.931390,10.0.2.1:54602,,,92,90
1689353841.963562,10.0.2.1:54602,,,93,92
1689353841.997900,10.0.2.1:54602,,,89,89
1689353842.029602,10.0.2.1:54602,,,91,89
1689353842.060384,10.0.2.1:54602,,,93,89
1689353842.088383,10.0.2.1:54602,,,91,91
1689353842.116182,10.0.2.1:54602,,,93,91
1689353842.150807,10.0.2.1:54602,,,92,91
1689353842.181360,10.0.2.1:54602,,,92,91
1689353842.214500,10.0.2.1:54602,,,93,92
1689353842.247668,10.0.2.1:54602,,,91,89
1689353842.276608,10.0.2.1:54602,,,90,90
1689353842.310059,10.0.2.1:54602,,,90,90
1689353842.341569,10.0.2.1:54602,,,93,90
1689353842.371816,10.0.2.1:54602,,,91,89
1689353842.404662,10.0.2.1:54602,,,91,89
1689353842.436239,10.0.2.1:54602,,,92,91
1689353842.469769,10.0.2.1:54602,,,93,92
1689353842.501433,10.0.2.1:54602,,,91,89
1689353842.531957,10.0.2.1:54602,,,93,89
1689353842.559298,10.0.2.1:54602,,,89,89
1689353842.590412,10.0.2.1:54602,,,91,89
1689353842.622408,10.0.2.1:54602,,,92,89
1689353842.655914,10.0.2.1:54602,,,91,91
1689353842.689385,10.0.2.1:54602,,,93,91
1689353842.719473,10.0.2.1:54602,,,91,91
1689353842.749174,10.0.2.1:54602,,,92,91
1689353842.781441,10.0.2.1:54602,,,93,93
1689353842.814058,10.0.2.1:54602,,,91,91
1689353842.845887,10.0.2.1:54602,,,94,93
1689353842.876889,10.0.2.1:54602,,,90,89
1689353842.908827,10.0.2.1:54602,,,90,90
1689353842.942042,10.0.2.1:54602,,,93,90
1689353842.973951,10.0.2.1:54602,,,91,89
1689353843.006490,10.0.2.1:54602,,,91,89
1689353843.038938,10.0.2.1:54602,,,92,90
1689353843.069643,10.0.2.1:54602,,,93,93
1689353843.103571,10.0.2.1:54602,,,90,89
1689353843.134913,10.0.2.1:54602,,,91,90
1689353843.166934,10.0.2.1:54602,,,93,90
1689353843.196530,10.0.2.1:54602,,,90,90
1689353843.229460,10.0.2.1:54602,,,93,90
1689353843.263192,10.0.2.1:54602,,,90,90
1689353843.293338,10.0.2.1:54602,,,93,90
1689353843.326920,10.0.2.1:54602,,,92,90
1689353843.358262,10.0.2.1:54602,,,93,90
1689353843.389449,10.0.2.1:54602,,,90,90
1689353843.422025,10.0.2.1:54602,,,92,90
1689353843.454487,10.0.2.1:54602,,,90,90
1689353843.487454,10.0.2.1:54602,,,91,90
1689353843.518426,10.0.2.1:54602,,,92,90
1689353843.551329,10.0.2.1:54602,,,94,93
1689353843.582454,10.0.2.1:54602,,,90,89
1689353843.614733,10.0.2.1:54602,,,91,91
1689353843.646549,10.0.2.1:54602,,,93,91
1689353843.677396,10.0.2.1:54602,,,91,89
1689353843.709298,10.0.2.1:54602,,,91,89
1689353843.741366,10.0.2.1:54602,,,92,90
1689353843.772157,10.0.2.1:54602,,,93,92
1689353843.804988,10.0.2.1:54602,,,90,89
1689353843.837107,10.0.2.1:54602,,,91,90
1689353843.869598,10.0.2.1:54602,,,94,90
1689353843.899956,10.0.2.1:54602,,,89,89
1689353843.934070,10.0.2.1:54602,,,90,89
1689353843.967144,10.0.2.1:54602,,,92,89
1689353844.000031,10.0.2.1:54602,,,92,91
1689353844.026730,10.0.2.1:54602,,,93,92
1689353844.059574,10.0.2.1:54602,,,91,91
1689353844.089194,10.0.2.1:54602,,,93,91
1689353844.118706,10.0.2.1:54602,,,92,91
1689353844.148536,10.0.2.1:54602,,,92,91
1689353844.177893,10.0.2.1:54602,,,92,92
1689353844.209433,10.0.2.1:54602,,,92,91
1689353844.241039,10.0.2.1:54602,,,93,93
1689353844.273618,10.0.2.1:54602,,,91,91
1689353844.305642,10.0.2.1:54602,,,93,91
1689353844.338643,10.0.2.1:54602,,,92,91
1689353844.369760,10.0.2.1:54602,,,91,90
1689353844.402659,10.0.2.1:54602,,,92,90
1689353844.434458,10.0.2.1:54602,,,94,93
1689353844.466940,10.0.2.1:54602,,,90,89
1689353844.496383,10.0.2.1:54602,,,91,91
1689353844.527354,10.0.2.1:54602,,,93,93
1689353844.558036,10.0.2.1:54602,,,91,91
1689353844.588839,10.0.2.1:54602,,,93,93
1689353844.621260,10.0.2.1:54602,,,90,90
1689353844.652949,10.0.2.1:54602,,,90,90
1689353844.685468,10.0.2.1:54602,,,92,90
1689353844.717365,10.0.2.1:54602,,,91,91
1689353844.750052,10.0.2.1:54602,,,89,89
1689353844.781794,10.0.2.1:54602,,,91,89
1689353844.813452,10.0.2.1:54602,,,92,92
1689353844.847349,10.0.2.1:54602,,,93,91
1689353844.878372,10.0.2.1:54602,,,91,91
1689353844.911178,10.0.2.1:54602,,,92,91
1689353844.943851,10.0.2.1:54602,,,92,92
1689353844.976472,10.0.2.1:54602,,,92,91
1689353845.005953,10.0.2.1:54602,,,92,92
1689353845.039698,10.0.2.1:54602,,,92,91
1689353845.072373,10.0.2.1:54602,,,94,93
1689353845.101984,10.0.2.1:54602,,,91,91
1689353845.135097,10.0.2.1:54602,,,93,91
1689353845.164630,10.0.2.1:54602,,,92,91
1689353845.196299,10.0.2.1:54602,,,91,90
1689353845.228886,10.0.2.1:54602,,,91,90
1689353845.260664,10.0.2.1:54602,,,94,93
1689353845.290388,10.0.2.1:54602,,,90,89
1689353845.321648,10.0.2.1:54602,,,90,90
1689353845.354252,10.0.2.1:54602,,,91,90
1689353845.386655,10.0.2.1:54602,,,92,90
1689353845.418371,10.0.2.1:54602,,,93,93
1689353845.450129,10.0.2.1:54602,,,90,89
1689353845.483254,10.0.2.1:54602,,,92,91
1689353845.515259,10.0.2.1:54602,,,94,91
1689353845.546927,10.0.2.1:54602,,,91,89
1689353845.579200,10.0.2.1:54602,,,92,89
1689353845.610874,10.0.2.1:54602,,,91,91
1689353845.641945,10.0.2.1:54602,,,90,89
1689353845.672287,10.0.2.1:54602,,,92,89
1689353845.700918,10.0.2.1:54602,,,93,92
1689353845.734199,10.0.2.1:54602,,,92,91
1689353845.766390,10.0.2.1:54602,,,93,93
1689353845.799590,10.0.2.1:54602,,,91,91
1689353845.830690,10.0.2.1:54602,,,93,91
1689353845.862397,10.0.2.1:54602,,,91,91
1689353845.894004,10.0.2.1:54602,,,93,91
1689353845.926436,10.0.2.1:54602,,,91,91
1689353845.956865,10.0.2.1:54602,,,91,89
1689353845.986832,10.0.2.1:54602,,,92,90
1689353846.018192,10.0.2.1:54602,,,94,93
1689353846.050788,10.0.2.1:54602,,,90,89
1689353846.082210,10.0.2.1:54602,,,90,90
1689353846.113746,10.0.2.1:54602,,,93,90
1689353846.145473,10.0.2.1:54602,,,91,89
1689353846.175723,10.0.2.1:54602,,,91,89
1689353846.204822,10.0.2.1:54602,,,92,90
1689353846.237627,10.0.2.1:54602,,,94,90
1689353846.269275,10.0.2.1:54602,,,91,90
1689353846.301779,10.0.2.1:54602,,,93,90
1689353846.333875,10.0.2.1:54602,,,91,90
1689353846.366974,10.0.2.1:54602,,,93,90
1689353846.399572,10.0.2.1:54602,,,91,90
1689353846.433098,10.0.2.1:54602,,,93,90
1689353846.465506,10.0.2.1:54602,,,91,90
1689353846.499146,10.0.2.1:54602,,,93,90
1689353846.531698,10.0.2.1:54602,,,90,90
1689353846.562221,10.0.2.1:54602,,,90,90
1689353846.593566,10.0.2.1:54602,,,93,90
1689353846.627151,10.0.2.1:54602,,,91,91
1689353846.659399,10.0.2.1:54602,,,91,89
1689353846.692196,10.0.2.1:54602,,,92,91
1689353846.719780,10.0.2.1:54602,,,93,93
1689353846.754220,10.0.2.1:54602,,,90,89
1689353846.786246,10.0.2.1:54602,,,91,90
1689353846.818249,10.0.2.1:54602,,,93,90
1689353846.849368,10.0.2.1:54602,,,91,89
1689353846.881459,10.0.2.1:54602,,,91,89
1689353846.912943,10.0.2.1:54602,,,92,90
1689353846.943286,10.0.2.1:54602,,,93,92
1689353846.976029,10.0.2.1:54602,,,89,89
1689353847.004572,10.0.2.1:54602,,,91,89
1689353847.037768,10.0.2.1:54602,,,93,89
1689353847.068942,10.0.2.1:54602,,,92,91
1689353847.102495,10.0.2.1:54602,,,92,92
1689353847.135371,10.0.2.1:54602,,,92,91
1689353847.168247,10.0.2.1:54602,,,93,93
1689353847.200862,10.0.2.1:54602,,,91,91
1689353847.233672,10.0.2.1:54602,,,93,93
1689353847.266796,10.0.2.1:54602,,,91,91
1689353847.298850,10.0.2.1:54602,,,94,91
1689353847.329431,10.0.2.1:54602,,,91,91
1689353847.362472,10.0.2.1:54602,,,93,91
1689353847.395413,10.0.2.1:54602,,,92,92
1689353847.427269,10.0.2.1:54602,,,91,90
1689353847.460570,10.0.2.1:54602,,,91,90
1689353847.493052,10.0.2.1:54602,,,94,93
1689353847.525487,10.0.2.1:54602,,,90,89
1689353847.557348,10.0.2.1:54602,,,91,91
1689353847.589692,10.0.2.1:54602,,,93,93
1689353847.621359,10.0.2.1:54602,,,91,91
1689353847.654029,10.0.2.1:54602,,,93,93
1689353847.686274,10.0.2.1:54602,,,90,90
1689353847.719298,10.0.2.1:54602,,,90,90
1689353847.750578,10.0.2.1:54602,,,90,90
1689353847.782357,10.0.2.1:54602,,,91,89
1689353847.814270,10.0.2.1:54602,,,91,91
1689353847.845954,10.0.2.1:54602,,,93,93
1689353847.878072,10.0.2.1:54602,,,91,91
1689353847.909376,10.0.2.1:54602,,,93,91
1689353847.941790,10.0.2.1:54602,,,91,91
1689353847.974510,10.0.2.1:54602,,,93,91
1689353848.006415,10.0.2.1:54602,,,92,92
1689353848.036481,10.0.2.1:54602,,,92,91
1689353848.065218,10.0.2.1:54602,,,93,93
1689353848.099156,10.0.2.1:54602,,,91,91
1689353848.131125,10.0.2.1:54602,,,93,93
1689353848.161068,10.0.2.1:54602,,,91,91
1689353848.194791,10.0.2.1:54602,,,93,91
1689353848.225906,10.0.2.1:54602,,,91,91
1689353848.256382,10.0.2.1:54602,,,93,91
1689353848.285180,10.0.2.1:54602,,,91,91
1689353848.319011,10.0.2.1:54602,,,91,89
1689353848.348270,10.0.2.1:54602,,,93,89
1689353848.376641,10.0.2.1:54602,,,91,89
1689353848.409247,10.0.2.1:54602,,,91,89
1689353848.440779,10.0.2.1:54602,,,91,90
1689353848.474224,10.0.2.1:54602,,,91,90
1689353848.506495,10.0.2.1:54602,,,93,90
1689353848.538047,10.0.2.1:54602,,,89,89
1689353848.568651,10.0.2.1:54602,,,91,91
1689353848.601145,10.0.2.1:54602,,,93,91
1689353848.633968,10.0.2.1:54602,,,91,89
1689353848.665383,10.0.2.1:54602,,,90,90
1689353848.697338,10.0.2.1:54602,,,89,89
1689353848.730263,10.0.2.1:54602,,,92,89
1689353848.762675,10.0.2.1:54602,,,93,93
1689353848.794716,10.0.2.1:54602,,,90,89
1689353848.826824,10.0.2.1:54602,,,93,89
1689353848.858774,10.0.2.1:54602,,,91,89
1689353848.890593,10.0.2.1:54602,,,91,89
1689353848.922021,10.0.2.1:54602,,,90,90
1689353848.954363,10.0.2.1:54602,,,91,90
1689353848.984235,10.0.2.1:54602,,,93,90
1689353849.017769,10.0.2.1:54602,,,91,89
1689353849.049148,10.0.2.1:54602,,,91,89
1689353849.079388,10.0.2.1:54602,,,93,91
1689353849.110568,10.0.2.1:54602,,,91,89
1689353849.142932,10.0.2.1:54602,,,92,90
1689353849.174450,10.0.2.1:54602,,,89,89
1689353849.206739,10.0.2.1:54602,,,92,89
1689353849.238097,10.0.2.1:54602,,,94,93
1689353849.269583,10.0.2.1:54602,,,89,89
1689353849.301339,10.0.2.1:54602,,,92,89
1689353849.335609,10.0.2.1:54602,,,93,92
1689353849.369383,10.0.2.1:54602,,,90,89
1689353849.401359,10.0.2.1:54602,,,90,90
1689353849.433587,10.0.2.1:54602,,,90,90
1689353849.465701,10.0.2.1:54602,,,93,90
1689353849.498966,10.0.2.1:54602,,,91,89
1689353849.531198,10.0.2.1:54602,,,91,89
1689353849.563466,10.0.2.1:54602,,,91,89
1689353849.596620,10.0.2.1:54602,,,94,93
1689353849.631062,10.0.2.1:54602,,,89,89
1689353849.662517,10.0.2.1:54602,,,91,89
1689353849.694239,10.0.2.1:54602,,,93,89
1689353849.726186,10.0.2.1:54602,,,91,91
1689353849.758132,10.0.2.1:54602,,,93,91
1689353849.790437,10.0.2.1:54602,,,92,91
1689353849.823044,10.0.2.1:54602,,,93,91
1689353849.855330,10.0.2.1:54602,,,92,91
1689353849.885471,10.0.2.1:54602,,,93,91
1689353849.918461,10.0.2.1:54602,,,92,91
1689353849.950730,10.0.2.1:54602,,,91,90
1689353849.982586,10.0.2.1:54602,,,91,90
1689353850.014232,10.0.2.1:54602,,,94,93
1689353850.044108,10.0.2.1:54602,,,90,89
1689353850.075944,10.0.2.1:54602,,,91,91
1689353850.110042,10.0.2.1:54602,,,94,93
1689353850.140946,10.0.2.1:54602,,,90,89
1689353850.174943,10.0.2.1:54602,,,90,90
1689353850.208265,10.0.2.1:54602,,,93,90
1689353850.235303,10.0.2.1:54602,,,92,90
1689353850.270005,10.0.2.1:54602,,,92,90
1689353850.303758,10.0.2.1:54602,,,92,90
1689353850.337152,10.0.2.1:54602,,,92,90
1689353850.367298,10.0.2.1:54602,,,92,90
1689353850.400481,10.0.2.1:54602,,,92,90
1689353850.433364,10.0.2.1:54602,,,92,90
1689353850.467444,10.0.2.1:54602,,,92,90
1689353850.497003,10.0.2.1:54602,,,92,90
1689353850.528403,10.0.2.1:54602,,,91,90
1689353850.562555,10.0.2.1:54602,,,91,90
1689353850.593703,10.0.2.1:54602,,,94,93
1689353850.624237,10.0.2.1:54602,,,90,89
1689353850.653121,10.0.2.1:54602,,,91,91
1689353850.685903,10.0.2.1:54602,,,92,91
1689353850.717873,10.0.2.1:54602,,,91,91
1689353850.752461,10.0.2.1:54602,,,91,89
1689353850.786622,10.0.2.1:54602,,,92,90
1689353850.817715,10.0.2.1:54602,,,93,93
1689353850.848952,10.0.2.1:54602,,,90,89
1689353850.881110,10.0.2.1:54602,,,91,90
1689353850.913157,10.0.2.1:54602,,,93,90
1689353850.946528,10.0.2.1:54602,,,89,89
1689353850.978888,10.0.2.1:54602,,,90,89
1689353851.011696,10.0.2.1:54602,,,92,89
1689353851.043596,10.0.2.1:54602,,,91,91
1689353851.075693,10.0.2.1:54602,,,93,93
1689353851.110248,10.0.2.1:54602,,,91,91
1689353851.142002,10.0.2.1:54602,,,94,91
1689353851.174996,10.0.2.1:54602,,,91,91
1689353851.205818,10.0.2.1:54602,,,93,91
1689353851.236820,10.0.2.1:54602,,,91,91
1689353851.266689,10.0.2.1:54602,,,93,91
1689353851.298847,10.0.2.1:54602,,,93,92
1689353851.330102,10.0.2.1:54602,,,92,91
1689353851.362233,10.0.2.1:54602,,,94,93
1689353851.393576,10.0.2.1:54602,,,90,90
1689353851.425925,10.0.2.1:54602,,,91,90
1689353851.458826,10.0.2.1:54602,,,92,90
1689353851.491066,10.0.2.1:54602,,,93,92
1689353851.522922,10.0.2.1:54602,,,90,89
1689353851.555053,10.0.2.1:54602,,,92,91
1689353851.587509,10.0.2.1:54602,,,92,92
1689353851.619836,10.0.2.1:54602,,,92,91
1689353851.652734,10.0.2.1:54602,,,92,92
1689353851.684943,10.0.2.1:54602,,,91,90
1689353851.718812,10.0.2.1:54602,,,91,90
1689353851.751867,10.0.2.1:54602,,,92,91
1689353851.785029,10.0.2.1:54602,,,94,93
1689353851.816717,10.0.2.1:54602,,,91,90
1689353851.849227,10.0.2.1:54602,,,93,90
1689353851.882648,10.0.2.1:54602,,,91,89
1689353851.912899,10.0.2.1:54602,,,90,89
1689353851.944869,10.0.2.1:54602,,,92,89
1689353851.978012,10.0.2.1:54602,,,93,92
1689353852.010033,10.0.2.1:54602,,,92,91
1689353852.044539,10.0.2.1:54602,,,93,92
1689353852.078877,10.0.2.1:54602,,,92,91
1689353852.109731,10.0.2.1:54602,,,93,92
1689353852.145603,10.0.2.1:54602,,,90,89
1689353852.178949,10.0.2.1:54602,,,90,90
1689353852.211539,10.0.2.1:54602,,,90,90
1689353852.244099,10.0.2.1:54602,,,93,90
1689353852.277878,10.0.2.1:54602,,,91,89
1689353852.312763,10.0.2.1:54602,,,92,91
1689353852.349290,10.0.2.1:54602,,,93,91
1689353852.382930,10.0.2.1:54602,,,91,89
1689353852.416142,10.0.2.1:54602,,,92,89
1689353852.444707,10.0.2.1:54602,,,93,93
1689353852.478478,10.0.2.1:54602,,,89,89
1689353852.510994,10.0.2.1:54602,,,91,89
1689353852.543180,10.0.2.1:54602,,,93,92
1689353852.575880,10.0.2.1:54602,,,92,91
1689353852.610749,10.0.2.1:54602,,,93,93
1689353852.642451,10.0.2.1:54602,,,91,91
1689353852.677148,10.0.2.1:54602,,,94,91
1689353852.707980,10.0.2.1:54602,,,91,91
1689353852.742524,10.0.2.1:54602,,,93,91
1689353852.775437,10.0.2.1:54602,,,91,89
1689353852.811393,10.0.2.1:54602,,,92,90
1689353852.842771,10.0.2.1:54602,,,93,90
1689353852.875818,10.0.2.1:54602,,,91,91
1689353852.904940,10.0.2.1:54602,,,91,89
1689353852.939053,10.0.2.1:54602,,,91,90
1689353852.973872,10.0.2.1:54602,,,93,93
1689353853.005107,10.0.2.1:54602,,,90,89
1689353853.039438,10.0.2.1:54602,,,91,90
1689353853.071832,10.0.2.1:54602,,,93,90
1689353853.106606,10.0.2.1:54602,,,91,90
1689353853.139676,10.0.2.1:54602,,,93,90
1689353853.174273,10.0.2.1:54602,,,90,90
1689353853.207071,10.0.2.1:54602,,,93,90
1689353853.241958,10.0.2.1:54602,,,91,90
1689353853.273163,10.0.2.1:54602,,,93,90
1689353853.305723,10.0.2.1:54602,,,91,90
1689353853.337466,10.0.2.1:54602,,,93,90
1689353853.373573,10.0.2.1:54602,,,90,90
1689353853.404674,10.0.2.1:54602,,,90,90
1689353853.435496,10.0.2.1:54602,,,93,90
1689353853.467271,10.0.2.1:54602,,,91,89
1689353853.502945,10.0.2.1:54602,,,91,89
1689353853.532744,10.0.2.1:54602,,,92,90
1689353853.566511,10.0.2.1:54602,,,93,93
1689353853.597459,10.0.2.1:54602,,,90,89
1689353853.631636,10.0.2.1:54602,,,91,91
1689353853.662983,10.0.2.1:54602,,,94,91
1689353853.696085,10.0.2.1:54602,,,89,89
1689353853.725957,10.0.2.1:54602,,,89,89
1689353853.758898,10.0.2.1:54602,,,90,88
1689353853.793139,10.0.2.1:54602,,,92,88
1689353853.825148,10.0.2.1:54602,,,92,92
1689353853.860100,10.0.2.1:54602,,,92,91
1689353853.887632,10.0.2.1:54602,,,93,92
1689353853.921124,10.0.2.1:54602,,,91,91
1689353853.953654,10.0.2.1:54602,,,93,93
1689353853.984762,10.0.2.1:54602,,,91,91
1689353854.016539,10.0.2.1:54602,,,93,93
1689353854.048745,10.0.2.1:54602,,,91,91
1689353854.084194,10.0.2.1:54602,,,93,91
1689353854.111541,10.0.2.1:54602,,,91,91
1689353854.144009,10.0.2.1:54602,,,92,91
1689353854.178207,10.0.2.1:54602,,,93,92
1689353854.209843,10.0.2.1:54602,,,91,89
1689353854.242856,10.0.2.1:54602,,,93,89
1689353854.273796,10.0.2.1:54602,,,91,89
1689353854.308126,10.0.2.1:54602,,,92,90
1689353854.337240,10.0.2.1:54602,,,91,90
1689353854.370060,10.0.2.1:54602,,,91,90
1689353854.402580,10.0.2.1:54602,,,94,93
1689353854.434078,10.0.2.1:54602,,,90,89
1689353854.467208,10.0.2.1:54602,,,91,91
1689353854.498468,10.0.2.1:54602,,,94,93
1689353854.529666,10.0.2.1:54602,,,90,89
1689353854.561471,10.0.2.1:54602,,,90,90
1689353854.592638,10.0.2.1:54602,,,90,89
1689353854.624688,10.0.2.1:54602,,,92,89
1689353854.655376,10.0.2.1:54602,,,91,91
1689353854.692945,10.0.2.1:54602,,,93,91
1689353854.723512,10.0.2.1:54602,,,91,89
1689353854.757629,10.0.2.1:54602,,,91,90
1689353854.790924,10.0.2.1:54602,,,93,90
1689353854.826000,10.0.2.1:54602,,,92,91
1689353854.856961,10.0.2.1:54602,,,91,90
1689353854.891509,10.0.2.1:54602,,,92,90
1689353854.925384,10.0.2.1:54602,,,93,92
1689353854.956323,10.0.2.1:54602,,,90,89
1689353854.987650,10.0.2.1:54602,,,90,89
1689353855.022131,10.0.2.1:54602,,,92,89
1689353855.056936,10.0.2.1:54602,,,91,91
1689353855.087390,10.0.2.1:54602,,,94,93
1689353855.123898,10.0.2.1:54602,,,89,89
1689353855.156131,10.0.2.1:54602,,,91,89
1689353855.190312,10.0.2.1:54602,,,93,89
1689353855.220514,10.0.2.1:54602,,,91,91
1689353855.253300,10.0.2.1:54602,,,91,89
1689353855.283431,10.0.2.1:54602,,,94,89
1689353855.314323,10.0.2.1:54602,,,91,89
1689353855.345309,10.0.2.1:54602,,,92,89
1689353855.377042,10.0.2.1:54602,,,91,90
1689353855.410501,10.0.2.1:54602,,,91,90
1689353855.444092,10.0.2.1:54602,,,94,93
1689353855.474988,10.0.2.1:54602,,,90,89
1689353855.505850,10.0.2.1:54602,,,91,91
1689353855.538652,10.0.2.1:54602,,,94,93
1689353855.569652,10.0.2.1:54602,,,90,89
1689353855.601446,10.0.2.1:54602,,,89,89
1689353855.633402,10.0.2.1:54602,,,90,88
1689353855.667891,10.0.2.1:54602,,,92,88
1689353855.700634,10.0.2.1:54602,,,92,92
1689353855.730833,10.0.2.1:54602,,,92,91
1689353855.763402,10.0.2.1:54602,,,93,93
1689353855.796905,10.0.2.1:54602,,,90,90
1689353855.832866,10.0.2.1:54602,,,90,90
1689353855.862902,10.0.2.1:54602,,,93,90
1689353855.895820,10.0.2.1:54602,,,91,89
1689353855.925623,10.0.2.1:54602,,,92,89
1689353855.956609,10.0.2.1:54602,,,93,91
1689353855.986451,10.0.2.1:54602,,,91,91
1689353856.018002,10.0.2.1:54602,,,93,91
1689353856.049786,10.0.2.1:54602,,,92,91
1689353856.080647,10.0.2.1:54602,,,91,90
1689353856.114645,10.0.2.1:54602,,,91,90
1689353856.146645,10.0.2.1:54602,,,92,91
1689353856.178447,10.0.2.1:54602,,,93,93
1689353856.208786,10.0.2.1:54602,,,91,90
1689353856.244215,10.0.2.1:54602,,,93,90
1689353856.271261,10.0.2.1:54602,,,89,89
1689353856.304014,10.0.2.1:54602,,,90,89
1689353856.339870,10.0.2.1:54602,,,92,89
1689353856.373721,10.0.2.1:54602,,,92,91
1689353856.404884,10.0.2.1:54602,,,93,91
1689353856.440378,10.0.2.1:54602,,,92,92
1689353856.469717,10.0.2.1:54602,,,92,91
1689353856.501066,10.0.2.1:54602,,,93,93
1689353856.532718,10.0.2.1:54602,,,90,89
1689353856.564494,10.0.2.1:54602,,,90,90
1689353856.599092,10.0.2.1:54602,,,90,90
1689353856.630693,10.0.2.1:54602,,,92,90
1689353856.664539,10.0.2.1:54602,,,91,91
1689353856.697766,10.0.2.1:54602,,,91,89
1689353856.732769,10.0.2.1:54602,,,92,91
1689353856.763694,10.0.2.1:54602,,,93,92
1689353856.797066,10.0.2.1:54602,,,91,89
1689353856.831864,10.0.2.1:54602,,,93,89
1689353856.865967,10.0.2.1:54602,,,89,89
1689353856.899473,10.0.2.1:54602,,,91,89
1689353856.931132,10.0.2.1:54602,,,93,92
1689353856.963135,10.0.2.1:54602,,,91,91
1689353856.995629,10.0.2.1:54602,,,93,93
1689353857.028562,10.0.2.1:54602,,,91,91
1689353857.063420,10.0.2.1:54602,,,93,91
1689353857.094494,10.0.2.1:54602,,,91,91
1689353857.127102,10.0.2.1:54602,,,93,91
1689353857.160043,10.0.2.1:54602,,,91,89
1689353857.189713,10.0.2.1:54602,,,91,89
1689353857.223657,10.0.2.1:54602,,,92,90
1689353857.258145,10.0.2.1:54602,,,93,93
1689353857.289351,10.0.2.1:54602,,,90,89
1689353857.321491,10.0.2.1:54602,,,91,90
1689353857.353577,10.0.2.1:54602,,,93,90
1689353857.388340,10.0.2.1:54602,,,89,89
1689353857.415995,10.0.2.1:54602,,,90,90
1689353857.445608,10.0.2.1:54602,,,92,90
1689353857.479595,10.0.2.1:54602,,,94,93
1689353857.514198,10.0.2.1:54602,,,92,90
1689353857.545601,10.0.2.1:54602,,,92,92
1689353857.580062,10.0.2.1:54602,,,92,90
1689353857.608063,10.0.2.1:54602,,,92,92
1689353857.635994,10.0.2.1:54602,,,91,90
1689353857.663235,10.0.2.1:54602,,,94,92
1689353857.696128,10.0.2.1:54602,,,91,90
1689353857.730622,10.0.2.1:54602,,,93,90
1689353857.763320,10.0.2.1:54602,,,90,90
1689353857.796654,10.0.2.1:54602,,,90,90
1689353857.830355,10.0.2.1:54602,,,93,90
1689353857.864123,10.0.2.1:54602,,,91,89
1689353857.892146,10.0.2.1:54602,,,91,89
1689353857.921092,10.0.2.1:54602,,,92,91
1689353857.955000,10.0.2.1:54602,,,94,93
1689353857.986020,10.0.2.1:54602,,,90,89
1689353858.017395,10.0.2.1:54602,,,90,90
1689353858.051655,10.0.2.1:54602,,,93,90
1689353858.084664,10.0.2.1:54602,,,91,89
1689353858.118541,10.0.2.1:54602,,,90,90
1689353858.151159,10.0.2.1:54602,,,92,90
1689353858.186330,10.0.2.1:54602,,,91,91
1689353858.218609,10.0.2.1:54602,,,90,89
1689353858.252069,10.0.2.1:54602,,,92,89
1689353858.281188,10.0.2.1:54602,,,92,92
1689353858.312540,10.0.2.1:54602,,,93,91
1689353858.343204,10.0.2.1:54602,,,91,91
1689353858.375354,10.0.2.1:54602,,,92,91
1689353858.408725,10.0.2.1:54602,,,92,92
1689353858.440923,10.0.2.1:54602,,,92,91
1689353858.474561,10.0.2.1:54602,,,92,92
1689353858.505789,10.0.2.1:54602,,,92,91
1689353858.539237,10.0.2.1:54602,,,93,93
1689353858.574620,10.0.2.1:54602,,,91,91
1689353858.604431,10.0.2.1:54602,,,93,91
1689353858.638104,10.0.2.1:54602,,,90,90
1689353858.671060,10.0.2.1:54602,,,91,90
1689353858.705529,10.0.2.1:54602,,,92,90
1689353858.736953,10.0.2.1:54602,,,93,92
1689353858.770348,10.0.2.1:54602,,,90,89
1689353858.801905,10.0.2.1:54602,,,91,90
1689353858.836726,10.0.2.1:54602,,,94,93
1689353858.868327,10.0.2.1:54602,,,90,89
1689353858.900553,10.0.2.1:54602,,,90,90
1689353858.933435,10.0.2.1:54602,,,92,91
1689353858.967548,10.0.2.1:54602,,,93,93
1689353858.998940,10.0.2.1:54602,,,90,89
1689353859.031974,10.0.2.1:54602,,,92,91
1689353859.061447,10.0.2.1:54602,,,94,93
1689353859.092879,10.0.2.1:54602,,,89,89
1689353859.124307,10.0.2.1:54602,,,90,89
1689353859.154065,10.0.2.1:54602,,,92,89
1689353859.185142,10.0.2.1:54602,,,92,91
1689353859.217276,10.0.2.1:54602,,,92,91
1689353859.249762,10.0.2.1:54602,,,92,92
1689353859.281426,10.0.2.1:54602,,,92,91
1689353859.314027,10.0.2.1:54602,,,93,93
1689353859.348305,10.0.2.1:54602,,,90,89
1689353859.376635,10.0.2.1:54602,,,91,91
1689353859.410724,10.0.2.1:54602,,,92,91
1689353859.443074,10.0.2.1:54602,,,92,92
1689353859.477380,10.0.2.1:54602,,,92,91
1689353859.509610,10.0.2.1:54602,,,93,93
1689353859.544880,10.0.2.1:54602,,,90,89
1689353859.579103,10.0.2.1:54602,,,91,90
1689353859.611494,10.0.2.1:54602,,,93,91
1689353859.642845,10.0.2.1:54602,,,92,92
1689353859.677173,10.0.2.1:54602,,,91,90
1689353859.710066,10.0.2.1:54602,,,93,91
1689353859.742613,10.0.2.1:54602,,,91,89
1689353859.774196,10.0.2.1:54602,,,90,89
1689353859.808098,10.0.2.1:54602,,,92,89
1689353859.836843,10.0.2.1:54602,,,92,92
1689353859.868712,10.0.2.1:54602,,,92,91
1689353859.902153,10.0.2.1:54602,,,92,92
1689353859.934147,10.0.2.1:54602,,,93,91
1689353859.968056,10.0.2.1:54602,,,92,91
1689353859.995833,10.0.2.1:54602,,,92,91
1689353860.029970,10.0.2.1:54602,,,92,92
1689353860.062950,10.0.2.1:54602,,,92,91
1689353860.097837,10.0.2.1:54602,,,93,93
1689353860.128865,10.0.2.1:54602,,,91,91
1689353860.160134,10.0.2.1:54602,,,94,91
1689353860.188472,10.0.2.1:54602,,,90,90
1689353860.216334,10.0.2.1:54602,,,91,90
1689353860.246514,10.0.2.1:54602,,,91,90
1689353860.278838,10.0.2.1:54602,,,94,93
1689353860.312542,10.0.2.1:54602,,,90,89
1689353860.344160,10.0.2.1:54602,,,91,91
1689353860.376575,10.0.2.1:54602,,,93,93
1689353860.407736,10.0.2.1:54602,,,91,91
1689353860.438477,10.0.2.1:54602,,,93,93
1689353860.470061,10.0.2.1:54602,,,90,90
1689353860.504097,10.0.2.1:54602,,,90,90
1689353860.531228,10.0.2.1:54602,,,91,91
1689353860.563349,10.0.2.1:54602,,,93,91
1689353860.594727,10.0.2.1:54602,,,93,92
1689353860.625825,10.0.2.1:54602,,,91,90
1689353860.658546,10.0.2.1:54602,,,94,93
1689353860.689939,10.0.2.1:54602,,,89,89
1689353860.724881,10.0.2.1:54602,,,90,89
1689353860.757333,10.0.2.1:54602,,,92,89
1689353860.794035,10.0.2.1:54602,,,92,91
1689353860.826655,10.0.2.1:54602,,,93,91
1689353860.857879,10.0.2.1:54602,,,91,91
1689353860.888650,10.0.2.1:54602,,,93,91
1689353860.920124,10.0.2.1:54602,,,91,91
1689353860.949485,10.0.2.1:54602,,,91,89
1689353860.982135,10.0.2.1:54602,,,90,90
1689353861.014260,10.0.2.1:54602,,,90,90
1689353861.046987,10.0.2.1:54602,,,93,90
1689353861.080043,10.0.2.1:54602,,,91,89
1689353861.107255,10.0.2.1:54602,,,92,91
1689353861.140066,10.0.2.1:54602,,,90,89
1689353861.170291,10.0.2.1:54602,,,92,89
1689353861.204019,10.0.2.1:54602,,,91,91
1689353861.239072,10.0.2.1:54602,,,93,91
1689353861.269827,10.0.2.1:54602,,,92,91
1689353861.303575,10.0.2.1:54602,,,92,91
1689353861.335850,10.0.2.1:54602,,,92,91
1689353861.371073,10.0.2.1:54602,,,92,91
1689353861.402994,10.0.2.1:54602,,,92,92
1689353861.436505,10.0.2.1:54602,,,92,91
1689353861.469250,10.0.2.1:54602,,,93,92
1689353861.503661,10.0.2.1:54602,,,92,91
1689353861.533059,10.0.2.1:54602,,,93,93
1689353861.566839,10.0.2.1:54602,,,90,89
1689353861.597687,10.0.2.1:54602,,,92,89
1689353861.631926,10.0.2.1:54602,,,93,92
1689353861.663204,10.0.2.1:54602,,,91,89
1689353861.695960,10.0.2.1:54602,,,90,90
1689353861.731572,10.0.2.1:54602,,,91,90
1689353861.763499,10.0.2.1:54602,,,93,90
1689353861.796487,10.0.2.1:54602,,,89,89
1689353861.829574,10.0.2.1:54602,,,91,91
1689353861.863780,10.0.2.1:54602,,,94,91
1689353861.895591,10.0.2.1:54602,,,90,89
1689353861.928429,10.0.2.1:54602,,,90,90
1689353861.957429,10.0.2.1:54602,,,90,89
1689353861.991184,10.0.2.1:54602,,,92,89
1689353862.024862,10.0.2.1:54602,,,93,93
1689353862.056612,10.0.2.1:54602,,,90,89
1689353862.091658,10.0.2.1:54602,,,93,89
1689353862.123476,10.0.2.1:54602,,,91,89
1689353862.157371,10.0.2.1:54602,,,92,89
1689353862.188957,10.0.2.1:54602,,,91,90
1689353862.223147,10.0.2.1:54602,,,91,90
1689353862.256113,10.0.2.1:54602,,,93,93
1689353862.290153,10.0.2.1:54602,,,90,89
1689353862.323262,10.0.2.1:54602,,,92,91
1689353862.357250,10.0.2.1:54602,,,93,93
1689353862.390666,10.0.2.1:54602,,,90,89
1689353862.423328,10.0.2.1:54602,,,89,89
1689353862.456996,10.0.2.1:54602,,,91,89
1689353862.491248,10.0.2.1:54602,,,93,89
1689353862.524013,10.0.2.1:54602,,,89,89
1689353862.557845,10.0.2.1:54602,,,92,89
1689353862.590342,10.0.2.1:54602,,,93,92
1689353862.624547,10.0.2.1:54602,,,90,89
1689353862.654550,10.0.2.1:54602,,,90,90
1689353862.687530,10.0.2.1:54602,,,89,89
1689353862.720327,10.0.2.1:54602,,,92,89
1689353862.752137,10.0.2.1:54602,,,93,93
1689353862.781762,10.0.2.1:54602,,,89,89
1689353862.813741,10.0.2.1:54602,,,91,89
1689353862.849215,10.0.2.1:54602,,,93,89
1689353862.882701,10.0.2.1:54602,,,92,91
1689353862.916235,10.0.2.1:54602,,,93,93
1689353862.944519,10.0.2.1:54602,,,92,91
1689353862.976948,10.0.2.1:54602,,,93,91
1689353863.009273,10.0.2.1:54602,,,91,91
1689353863.042099,10.0.2.1:54602,,,93,91
1689353863.075758,10.0.2.1:54602,,,92,92
1689353863.104974,10.0.2.1:54602,,,92,91
1689353863.139961,10.0.2.1:54602,,,93,93
1689353863.167814,10.0.2.1:54602,,,90,89
1689353863.202089,10.0.2.1:54602,,,92,89
1689353863.235428,10.0.2.1:54602,,,91,89
1689353863.267277,10.0.2.1:54602,,,91,89
1689353863.303613,10.0.2.1:54602,,,90,90
1689353863.333853,10.0.2.1:54602,,,91,90
1689353863.368442,10.0.2.1:54602,,,94,90
1689353863.402163,10.0.2.1:54602,,,90,89
1689353863.435247,10.0.2.1:54602,,,90,89
1689353863.465396,10.0.2.1:54602,,,92,89
1689353863.499913,10.0.2.1:54602,,,93,93
1689353863.532203,10.0.2.1:54602,,,89,89
1689353863.566406,10.0.2.1:54602,,,91,89
1689353863.599880,10.0.2.1:54602,,,93,92
1689353863.636616,10.0.2.1:54602,,,92,91
1689353863.670419,10.0.2.1:54602,,,93,93
1689353863.703176,10.0.2.1:54602,,,91,91
1689353863.734065,10.0.2.1:54602,,,94,93
1689353863.764600,10.0.2.1:54602,,,91,91
1689353863.793668,10.0.2.1:54602,,,93,91
1689353863.824267,10.0.2.1:54602,,,91,89
1689353863.853700,10.0.2.1:54602,,,91,89
1689353863.886182,10.0.2.1:54602,,,90,90
1689353863.921105,10.0.2.1:54602,,,91,91
1689353863.952786,10.0.2.1:54602,,,94,93
1689353863.984707,10.0.2.1:54602,,,91,91
1689353864.014381,10.0.2.1:54602,,,93,91
1689353864.047351,10.0.2.1:54602,,,91,89
1689353864.080535,10.0.2.1:54602,,,91,89
1689353864.110526,10.0.2.1:54602,,,93,91
1689353864.142427,10.0.2.1:54602,,,91,89
1689353864.173760,10.0.2.1:54602,,,91,89
1689353864.206413,10.0.2.1:54602,,,89,88
1689353864.239930,10.0.2.1:54602,,,92,88
1689353864.267350,10.0.2.1:54602,,,93,93
1689353864.298600,10.0.2.1:54602,,,91,91
1689353864.330615,10.0.2.1:54602,,,93,91
1689353864.361670,10.0.2.1:54602,,,92,91
1689353864.396557,10.0.2.1:54602,,,91,90
1689353864.425753,10.0.2.1:54602,,,92,90
1689353864.458641,10.0.2.1:54602,,,94,93
1689353864.490039,10.0.2.1:54602,,,90,89
1689353864.521276,10.0.2.1:54602,,,91,91
1689353864.554505,10.0.2.1:54602,,,93,93
1689353864.586326,10.0.2.1:54602,,,92,91
1689353864.618428,10.0.2.1:54602,,,93,93
1689353864.651950,10.0.2.1:54602,,,90,90
1689353864.682478,10.0.2.1:54602,,,90,90
1689353864.715348,10.0.2.1:54602,,,93,90
1689353864.750502,10.0.2.1:54602,,,93,92
1689353864.782335,10.0.2.1:54602,,,91,89
1689353864.815713,10.0.2.1:54602,,,90,90
1689353864.846885,10.0.2.1:54602,,,89,89
1689353864.881148,10.0.2.1:54602,,,91,89
1689353864.914167,10.0.2.1:54602,,,92,90
1689353864.947485,10.0.2.1:54602,,,93,92
1689353864.980191,10.0.2.1:54602,,,90,90
1689353865.015408,10.0.2.1:54602,,,90,89
1689353865.049066,10.0.2.1:54602,,,93,89
1689353865.082797,10.0.2.1:54602,,,92,91
1689353865.114308,10.0.2.1:54602,,,93,92
1689353865.146453,10.0.2.1:54602,,,89,89
1689353865.177614,10.0.2.1:54602,,,91,89
1689353865.210133,10.0.2.1:54602,,,93,89
1689353865.240050,10.0.2.1:54602,,,92,91
1689353865.274467,10.0.2.1:54602,,,93,92
1689353865.304665,10.0.2.1:54602,,,91,91
1689353865.338455,10.0.2.1:54602,,,94,93
1689353865.369600,10.0.2.1:54602,,,91,91
1689353865.404418,10.0.2.1:54602,,,93,91
1689353865.434260,10.0.2.1:54602,,,91,91
1689353865.467790,10.0.2.1:54602,,,93,91
1689353865.503545,10.0.2.1:54602,,,92,91
1689353865.533465,10.0.2.1:54602,,,93,91
1689353865.565135,10.0.2.1:54602,,,93,92
1689353865.595359,10.0.2.1:54602,,,90,90
1689353865.624892,10.0.2.1:54602,,,90,90
1689353865.654726,10.0.2.1:54602,,,93,90
1689353865.684889,10.0.2.1:54602,,,91,89
1689353865.714587,10.0.2.1:54602,,,91,89
1689353865.745740,10.0.2.1:54602,,,92,91
1689353865.776370,10.0.2.1:54602,,,92,92
1689353865.809153,10.0.2.1:54602,,,92,91
1689353865.842841,10.0.2.1:54602,,,92,92
1689353865.874755,10.0.2.1:54602,,,91,90
1689353865.905871,10.0.2.1:54602,,,91,90
1689353865.938141,10.0.2.1:54602,,,91,91
1689353865.970392,10.0.2.1:54602,,,94,93
1689353866.001837,10.0.2.1:54602,,,90,90
1689353866.032710,10.0.2.1:54602,,,93,90
1689353866.062655,10.0.2.1:54602,,,91,91
1689353866.095908,10.0.2.1:54602,,,89,89
1689353866.129147,10.0.2.1:54602,,,91,89
1689353866.162413,10.0.2.1:54602,,,93,92
1689353866.192614,10.0.2.1:54602,,,92,91
1689353866.224420,10.0.2.1:54602,,,93,93
1689353866.253873,10.0.2.1:54602,,,91,91
1689353866.284880,10.0.2.1:54602,,,93,91
1689353866.314319,10.0.2.1:54602,,,91,89
1689353866.346237,10.0.2.1:54602,,,91,89
1689353866.378035,10.0.2.1:54602,,,91,90
1689353866.409673,10.0.2.1:54602,,,91,90
1689353866.442011,10.0.2.1:54602,,,93,90
1689353866.474013,10.0.2.1:54602,,,89,89
1689353866.505049,10.0.2.1:54602,,,91,91
1689353866.535231,10.0.2.1:54602,,,93,91
1689353866.564426,10.0.2.1:54602,,,93,92
1689353866.591665,10.0.2.1:54602,,,91,89
1689353866.625907,10.0.2.1:54602,,,93,89
1689353866.658403,10.0.2.1:54602,,,89,89
1689353866.689266,10.0.2.1:54602,,,91,89
1689353866.721155,10.0.2.1:54602,,,93,89
1689353866.751503,10.0.2.1:54602,,,91,91
1689353866.781092,10.0.2.1:54602,,,93,91
1689353866.810933,10.0.2.1:54602,,,92,91
1689353866.841929,10.0.2.1:54602,,,92,91
1689353866.873084,10.0.2.1:54602,,,93,93
1689353866.905531,10.0.2.1:54602,,,91,91
1689353866.937378,10.0.2.1:54602,,,94,93
1689353866.969805,10.0.2.1:54602,,,90,89
1689353867.001980,10.0.2.1:54602,,,90,90
1689353867.034093,10.0.2.1:54602,,,93,90
1689353867.065823,10.0.2.1:54602,,,91,91
1689353867.099591,10.0.2.1:54602,,,91,89
1689353867.131294,10.0.2.1:54602,,,92,90
1689353867.160907,10.0.2.1:54602,,,93,93
1689353867.194754,10.0.2.1:54602,,,90,89
1689353867.226816,10.0.2.1:54602,,,90,90
1689353867.259110,10.0.2.1:54602,,,93,90
1689353867.292420,10.0.2.1:54602,,,90,90
1689353867.325682,10.0.2.1:54602,,,93,90
1689353867.359226,10.0.2.1:54602,,,90,90
1689353867.390718,10.0.2.1:54602,,,93,90
1689353867.423290,10.0.2.1:54602,,,90,90
1689353867.455115,10.0.2.1:54602,,,93,90
1689353867.487328,10.0.2.1:54602,,,90,90
1689353867.520421,10.0.2.1:54602,,,93,90
1689353867.548291,10.0.2.1:54602,,,90,90
1689353867.578072,10.0.2.1:54602,,,91,90
1689353867.611040,10.0.2.1:54602,,,92,90
1689353867.643360,10.0.2.1:54602,,,94,93
1689353867.675667,10.0.2.1:54602,,,90,89
1689353867.708645,10.0.2.1:54602,,,91,91
1689353867.740661,10.0.2.1:54602,,,93,91
1689353867.772340,10.0.2.1:54602,,,91,89
1689353867.802089,10.0.2.1:54602,,,91,89
1689353867.834831,10.0.2.1:54602,,,92,90
1689353867.867735,10.0.2.1:54602,,,93,92
1689353867.901882,10.0.2.1:54602,,,90,89
1689353867.933640,10.0.2.1:54602,,,91,90
1689353867.967339,10.0.2.1:54602,,,94,93
1689353867.999804,10.0.2.1:54602,,,89,89
1689353868.032001,10.0.2.1:54602,,,91,89
1689353868.066637,10.0.2.1:54602,,,93,89
1689353868.097860,10.0.2.1:54602,,,92,91
1689353868.129307,10.0.2.1:54602,,,92,92
1689353868.159816,10.0.2.1:54602,,,91,91
1689353868.192241,10.0.2.1:54602,,,94,93
1689353868.219528,10.0.2.1:54602,,,91,91
1689353868.250139,10.0.2.1:54602,,,93,91
1689353868.280068,10.0.2.1:54602,,,91,91
1689353868.306194,10.0.2.1:54602,,,92,91
1689353868.339420,10.0.2.1:54602,,,93,93
1689353868.371943,10.0.2.1:54602,,,91,91
1689353868.404733,10.0.2.1:54602,,,93,91
1689353868.434748,10.0.2.1:54602,,,90,90
1689353868.467381,10.0.2.1:54602,,,91,90
1689353868.499082,10.0.2.1:54602,,,92,90
1689353868.530861,10.0.2.1:54602,,,93,93
1689353868.562100,10.0.2.1:54602,,,90,89
1689353868.592063,10.0.2.1:54602,,,91,91
1689353868.618721,10.0.2.1:54602,,,93,93
1689353868.651780,10.0.2.1:54602,,,91,91
1689353868.684756,10.0.2.1:54602,,,93,93
1689353868.714394,10.0.2.1:54602,,,90,90
1689353868.746244,10.0.2.1:54602,,,91,90
1689353868.777522,10.0.2.1:54602,,,91,91
1689353868.808458,10.0.2.1:54602,,,93,91
1689353868.836178,10.0.2.1:54602,,,93,92
1689353868.863319,10.0.2.1:54602,,,91,90
1689353868.894029,10.0.2.1:54602,,,93,90
1689353868.925780,10.0.2.1:54602,,,91,89
1689353868.956336,10.0.2.1:54602,,,90,89
1689353868.989395,10.0.2.1:54602,,,92,89
1689353869.022737,10.0.2.1:54602,,,93,92
1689353869.055659,10.0.2.1:54602,,,92,91
1689353869.090289,10.0.2.1:54602,,,93,92
1689353869.121262,10.0.2.1:54602,,,92,91
1689353869.154712,10.0.2.1:54602,,,94,93
1689353869.186210,10.0.2.1:54602,,,90,89
1689353869.217367,10.0.2.1:54602,,,90,90
1689353869.248779,10.0.2.1:54602,,,91,90
1689353869.278386,10.0.2.1:54602,,,92,90
1689353869.308790,10.0.2.1:54602,,,93,92
1689353869.340511,10.0.2.1:54602,,,90,89
1689353869.372515,10.0.2.1:54602,,,91,91
1689353869.401994,10.0.2.1:54602,,,94,93
1689353869.434495,10.0.2.1:54602,,,91,89
1689353869.465509,10.0.2.1:54602,,,92,89
1689353869.497522,10.0.2.1:54602,,,93,92
1689353869.528213,10.0.2.1:54602,,,90,89
1689353869.559657,10.0.2.1:54602,,,92,89
1689353869.590419,10.0.2.1:54602,,,93,92
1689353869.621522,10.0.2.1:54602,,,92,91
1689353869.653155,10.0.2.1:54602,,,93,93
1689353869.683174,10.0.2.1:54602,,,91,91
1689353869.714565,10.0.2.1:54602,,,93,91
1689353869.745975,10.0.2.1:54602,,,91,91
1689353869.777679,10.0.2.1:54602,,,92,91
1689353869.810064,10.0.2.1:54602,,,93,92
1689353869.841111,10.0.2.1:54602,,,91,89
1689353869.873867,10.0.2.1:54602,,,91,90
1689353869.905038,10.0.2.1:54602,,,94,93
1689353869.937057,10.0.2.1:54602,,,90,89
1689353869.969617,10.0.2.1:54602,,,90,90
1689353870.001162,10.0.2.1:54602,,,93,90
1689353870.032787,10.0.2.1:54602,,,91,89
1689353870.065715,10.0.2.1:54602,,,91,89
1689353870.097658,10.0.2.1:54602,,,91,89
1689353870.128124,10.0.2.1:54602,,,93,89
1689353870.154766,10.0.2.1:54602,,,89,89
1689353870.186723,10.0.2.1:54602,,,90,89
1689353870.218536,10.0.2.1:54602,,,92,89
1689353870.247917,10.0.2.1:54602,,,93,92
1689353870.279511,10.0.2.1:54602,,,92,91
1689353870.311437,10.0.2.1:54602,,,93,93
1689353870.342867,10.0.2.1:54602,,,91,91
1689353870.374131,10.0.2.1:54602,,,93,91
1689353870.405362,10.0.2.1:54602,,,91,91
1689353870.436682,10.0.2.1:54602,,,93,91
1689353870.468284,10.0.2.1:54602,,,93,92
1689353870.495230,10.0.2.1:54602,,,91,89
1689353870.527995,10.0.2.1:54602,,,90,90
1689353870.560107,10.0.2.1:54602,,,91,91
1689353870.588700,10.0.2.1:54602,,,93,91
1689353870.622496,10.0.2.1:54602,,,91,91
1689353870.652612,10.0.2.1:54602,,,92,91
1689353870.683380,10.0.2.1:54602,,,93,92
1689353870.714595,10.0.2.1:54602,,,90,89
1689353870.745703,10.0.2.1:54602,,,92,91
1689353870.777209,10.0.2.1:54602,,,93,92
1689353870.812389,10.0.2.1:54602,,,91,89
1689353870.846477,10.0.2.1:54602,,,89,89
1689353870.877501,10.0.2.1:54602,,,91,89
1689353870.909608,10.0.2.1:54602,,,94,89
1689353870.941165,10.0.2.1:54602,,,89,89
1689353870.970734,10.0.2.1:54602,,,92,89
1689353871.002888,10.0.2.1:54602,,,94,93
1689353871.034833,10.0.2.1:54602,,,90,89
1689353871.066421,10.0.2.1:54602,,,90,90
1689353871.098078,10.0.2.1:54602,,,91,90
1689353871.129967,10.0.2.1:54602,,,92,90
1689353871.160924,10.0.2.1:54602,,,93,92
1689353871.193120,10.0.2.1:54602,,,90,89
1689353871.225512,10.0.2.1:54602,,,92,91
1689353871.257819,10.0.2.1:54602,,,93,92
1689353871.290644,10.0.2.1:54602,,,90,89
1689353871.322383,10.0.2.1:54602,,,89,89
1689353871.353899,10.0.2.1:54602,,,91,89
1689353871.385895,10.0.2.1:54602,,,93,89
1689353871.417265,10.0.2.1:54602,,,91,91
1689353871.448304,10.0.2.1:54602,,,91,89
1689353871.475503,10.0.2.1:54602,,,94,93
1689353871.508124,10.0.2.1:54602,,,91,89
1689353871.536977,10.0.2.1:54602,,,92,90
1689353871.569487,10.0.2.1:54602,,,91,90
1689353871.600587,10.0.2.1:54602,,,91,90
1689353871.629837,10.0.2.1:54602,,,94,90
1689353871.660585,10.0.2.1:54602,,,89,89
1689353871.692063,10.0.2.1:54602,,,92,89
1689353871.726361,10.0.2.1:54602,,,93,91
1689353871.761171,10.0.2.1:54602,,,91,89
1689353871.793194,10.0.2.1:54602,,,90,90
1689353871.823991,10.0.2.1:54602,,,90,89
1689353871.857032,10.0.2.1:54602,,,92,89
1689353871.890799,10.0.2.1:54602,,,93,93
1689353871.921549,10.0.2.1:54602,,,90,89
1689353871.953718,10.0.2.1:54602,,,93,89
1689353871.984402,10.0.2.1:54602,,,91,89
1689353872.011390,10.0.2.1:54602,,,91,89
1689353872.044295,10.0.2.1:54602,,,90,90
1689353872.075788,10.0.2.1:54602,,,90,90
1689353872.109963,10.0.2.1:54602,,,93,90
1689353872.141091,10.0.2.1:54602,,,91,89
1689353872.175057,10.0.2.1:54602,,,91,89
1689353872.208495,10.0.2.1:54602,,,93,91
1689353872.236114,10.0.2.1:54602,,,91,89
1689353872.262538,10.0.2.1:54602,,,92,89
1689353872.295189,10.0.2.1:54602,,,89,89
1689353872.327512,10.0.2.1:54602,,,91,89
1689353872.360517,10.0.2.1:54602,,,94,89
1689353872.394680,10.0.2.1:54602,,,89,89
1689353872.427828,10.0.2.1:54602,,,92,89
1689353872.460284,10.0.2.1:54602,,,93,92
1689353872.489387,10.0.2.1:54602,,,90,89
1689353872.522766,10.0.2.1:54602,,,90,90
1689353872.555850,10.0.2.1:54602,,,90,90
1689353872.589291,10.0.2.1:54602,,,93,90
1689353872.621499,10.0.2.1:54602,,,91,89
1689353872.653302,10.0.2.1:54602,,,91,89
1689353872.686189,10.0.2.1:54602,,,93,91
1689353872.717610,10.0.2.1:54602,,,91,89
1689353872.750354,10.0.2.1:54602,,,91,89
1689353872.782220,10.0.2.1:54602,,,89,89
1689353872.814096,10.0.2.1:54602,,,92,89
1689353872.845825,10.0.2.1:54602,,,92,92
1689353872.878018,10.0.2.1:54602,,,92,91
1689353872.908487,10.0.2.1:54602,,,93,93
1689353872.939790,10.0.2.1:54602,,,90,89
1689353872.973062,10.0.2.1:54602,,,93,89
1689353873.003109,10.0.2.1:54602,,,91,89
1689353873.033816,10.0.2.1:54602,,,91,89
1689353873.067391,10.0.2.1:54602,,,90,90
1689353873.100749,10.0.2.1:54602,,,91,90
1689353873.132824,10.0.2.1:54602,,,93,90
1689353873.164128,10.0.2.1:54602,,,89,89
1689353873.190325,10.0.2.1:54602,,,92,89
1689353873.223056,10.0.2.1:54602,,,93,91
1689353873.253616,10.0.2.1:54602,,,91,89
1689353873.283976,10.0.2.1:54602,,,91,89
1689353873.315007,10.0.2.1:54602,,,89,89
1689353873.346795,10.0.2.1:54602,,,91,89
1689353873.378547,10.0.2.1:54602,,,94,89
1689353873.410414,10.0.2.1:54602,,,89,89
1689353873.442799,10.0.2.1:54602,,,92,89
1689353873.472185,10.0.2.1:54602,,,93,93
1689353873.505981,10.0.2.1:54602,,,90,89
1689353873.539279,10.0.2.1:54602,,,90,90
1689353873.574213,10.0.2.1:54602,,,90,90
1689353873.607022,10.0.2.1:54602,,,92,90
1689353873.639298,10.0.2.1:54602,,,91,91
1689353873.671815,10.0.2.1:54602,,,91,89
1689353873.705135,10.0.2.1:54602,,,91,89
1689353873.738595,10.0.2.1:54602,,,94,93
1689353873.770460,10.0.2.1:54602,,,89,89
1689353873.802098,10.0.2.1:54602,,,90,89
1689353873.832396,10.0.2.1:54602,,,92,89
1689353873.859539,10.0.2.1:54602,,,93,93
1689353873.894232,10.0.2.1:54602,,,90,89
1689353873.926075,10.0.2.1:54602,,,91,91
1689353873.958293,10.0.2.1:54602,,,93,91
1689353873.990053,10.0.2.1:54602,,,91,91
1689353874.022117,10.0.2.1:54602,,,91,89
1689353874.053562,10.0.2.1:54602,,,91,89
1689353874.085640,10.0.2.1:54602,,,93,89
1689353874.117812,10.0.2.1:54602,,,92,91
1689353874.149801,10.0.2.1:54602,,,93,93
1689353874.181717,10.0.2.1:54602,,,89,89
1689353874.211901,10.0.2.1:54602,,,91,89
1689353874.241018,10.0.2.1:54602,,,93,89
1689353874.273022,10.0.2.1:54602,,,92,91
1689353874.305004,10.0.2.1:54602,,,93,93
1689353874.336417,10.0.2.1:54602,,,91,91
1689353874.368249,10.0.2.1:54602,,,93,91
1689353874.401052,10.0.2.1:54602,,,91,91
1689353874.434536,10.0.2.1:54602,,,93,91
1689353874.465951,10.0.2.1:54602,,,91,91
1689353874.497590,10.0.2.1:54602,,,93,91
1689353874.529678,10.0.2.1:54602,,,92,92
1689353874.562375,10.0.2.1:54602,,,92,91
1689353874.593817,10.0.2.1:54602,,,93,93
1689353874.624678,10.0.2.1:54602,,,90,90
1689353874.656276,10.0.2.1:54602,,,90,90
1689353874.688178,10.0.2.1:54602,,,92,90
1689353874.714362,10.0.2.1:54602,,,93,92
1689353874.747366,10.0.2.1:54602,,,90,89
1689353874.779791,10.0.2.1:54602,,,92,91
1689353874.813752,10.0.2.1:54602,,,92,92
1689353874.845354,10.0.2.1:54602,,,92,91
1689353874.876775,10.0.2.1:54602,,,92,92
1689353874.909085,10.0.2.1:54602,,,90,90
1689353874.939919,10.0.2.1:54602,,,91,90
1689353874.972583,10.0.2.1:54602,,,93,90
1689353875.002780,10.0.2.1:54602,,,89,89
1689353875.034496,10.0.2.1:54602,,,90,89
1689353875.064041,10.0.2.1:54602,,,92,89
1689353875.094513,10.0.2.1:54602,,,92,92
1689353875.125689,10.0.2.1:54602,,,94,91
1689353875.157734,10.0.2.1:54602,,,91,91
1689353875.189545,10.0.2.1:54602,,,93,91
1689353875.222187,10.0.2.1:54602,,,92,92
1689353875.252246,10.0.2.1:54602,,,92,91
1689353875.282252,10.0.2.1:54602,,,92,92
1689353875.315651,10.0.2.1:54602,,,92,91
1689353875.350112,10.0.2.1:54602,,,93,93
1689353875.380092,10.0.2.1:54602,,,91,91
1689353875.405907,10.0.2.1:54602,,,93,91
1689353875.438886,10.0.2.1:54602,,,92,92
1689353875.470246,10.0.2.1:54602,,,91,90
1689353875.502038,10.0.2.1:54602,,,91,90
1689353875.533851,10.0.2.1:54602,,,94,93
1689353875.565949,10.0.2.1:54602,,,89,89
1689353875.597451,10.0.2.1:54602,,,91,91
1689353875.627585,10.0.2.1:54602,,,93,93
1689353875.656944,10.0.2.1:54602,,,91,91
1689353875.689005,10.0.2.1:54602,,,93,91
1689353875.720230,10.0.2.1:54602,,,90,90
1689353875.747092,10.0.2.1:54602,,,91,90
1689353875.779889,10.0.2.1:54602,,,91,90
1689353875.813091,10.0.2.1:54602,,,92,91
1689353875.846366,10.0.2.1:54602,,,93,93
1689353875.878046,10.0.2.1:54602,,,91,90
1689353875.910709,10.0.2.1:54602,,,93,90
1689353875.942401,10.0.2.1:54602,,,89,89
1689353875.975225,10.0.2.1:54602,,,90,89
1689353876.005034,10.0.2.1:54602,,,92,89
1689353876.034517,10.0.2.1:54602,,,92,92
1689353876.065884,10.0.2.1:54602,,,92,91
1689353876.095986,10.0.2.1:54602,,,93,92
1689353876.128623,10.0.2.1:54602,,,91,91
1689353876.160699,10.0.2.1:54602,,,94,93
1689353876.194840,10.0.2.1:54602,,,90,89
1689353876.227181,10.0.2.1:54602,,,90,90
1689353876.258088,10.0.2.1:54602,,,91,90
1689353876.288809,10.0.2.1:54602,,,92,90
1689353876.321294,10.0.2.1:54602,,,93,92
1689353876.354127,10.0.2.1:54602,,,90,89
1689353876.386189,10.0.2.1:54602,,,91,91
1689353876.416757,10.0.2.1:54602,,,94,93
1689353876.448684,10.0.2.1:54602,,,89,89
1689353876.481255,10.0.2.1:54602,,,92,89
1689353876.513930,10.0.2.1:54602,,,91,91
1689353876.546326,10.0.2.1:54602,,,90,89
1689353876.578583,10.0.2.1:54602,,,91,90
1689353876.611012,10.0.2.1:54602,,,89,89
1689353876.643129,10.0.2.1:54602,,,92,89
1689353876.675524,10.0.2.1:54602,,,93,91
1689353876.707772,10.0.2.1:54602,,,92,91
1689353876.740982,10.0.2.1:54602,,,93,91
1689353876.770775,10.0.2.1:54602,,,91,89
1689353876.802798,10.0.2.1:54602,,,90,89
1689353876.834060,10.0.2.1:54602,,,92,89
1689353876.865288,10.0.2.1:54602,,,93,92
1689353876.897545,10.0.2.1:54602,,,92,91
1689353876.929859,10.0.2.1:54602,,,93,93
1689353876.961962,10.0.2.1:54602,,,91,91
1689353876.994150,10.0.2.1:54602,,,94,93
1689353877.025809,10.0.2.1:54602,,,90,89
1689353877.057357,10.0.2.1:54602,,,90,90
1689353877.090526,10.0.2.1:54602,,,91,90
1689353877.122685,10.0.2.1:54602,,,92,90
1689353877.155209,10.0.2.1:54602,,,93,92
1689353877.186685,10.0.2.1:54602,,,90,89
1689353877.218604,10.0.2.1:54602,,,92,91
1689353877.250572,10.0.2.1:54602,,,93,93
1689353877.282008,10.0.2.1:54602,,,90,89
1689353877.312116,10.0.2.1:54602,,,90,90
1689353877.341516,10.0.2.1:54602,,,90,90
1689353877.375236,10.0.2.1:54602,,,90,89
1689353877.407254,10.0.2.1:54602,,,91,91
1689353877.438180,10.0.2.1:54602,,,92,91
1689353877.470229,10.0.2.1:54602,,,93,92
1689353877.501306,10.0.2.1:54602,,,91,91
1689353877.534008,10.0.2.1:54602,,,94,93
1689353877.565238,10.0.2.1:54602,,,90,89
1689353877.595695,10.0.2.1:54602,,,90,90
1689353877.628177,10.0.2.1:54602,,,92,91
1689353877.660641,10.0.2.1:54602,,,93,93
1689353877.693345,10.0.2.1:54602,,,91,90
1689353877.725983,10.0.2.1:54602,,,92,91
1689353877.757721,10.0.2.1:54602,,,93,92
1689353877.790043,10.0.2.1:54602,,,89,89
1689353877.822048,10.0.2.1:54602,,,89,89
1689353877.854263,10.0.2.1:54602,,,90,88
1689353877.885537,10.0.2.1:54602,,,91,91
1689353877.917392,10.0.2.1:54602,,,93,91
1689353877.949873,10.0.2.1:54602,,,92,92
1689353877.983859,10.0.2.1:54602,,,92,91
1689353878.016806,10.0.2.1:54602,,,93,92
1689353878.050929,10.0.2.1:54602,,,90,89
1689353878.083961,10.0.2.1:54602,,,92,91
1689353878.116320,10.0.2.1:54602,,,93,92
1689353878.144701,10.0.2.1:54602,,,91,89
1689353878.176069,10.0.2.1:54602,,,89,89
1689353878.207363,10.0.2.1:54602,,,91,89
1689353878.238808,10.0.2.1:54602,,,92,90
1689353878.268335,10.0.2.1:54602,,,93,92
1689353878.295323,10.0.2.1:54602,,,91,91
1689353878.327804,10.0.2.1:54602,,,93,91
1689353878.356803,10.0.2.1:54602,,,92,91
1689353878.388875,10.0.2.1:54602,,,91,90
1689353878.420719,10.0.2.1:54602,,,91,90
1689353878.452930,10.0.2.1:54602,,,94,93
1689353878.485430,10.0.2.1:54602,,,90,89
1689353878.516092,10.0.2.1:54602,,,91,91
1689353878.544963,10.0.2.1:54602,,,93,93
1689353878.577419,10.0.2.1:54602,,,91,91
1689353878.609292,10.0.2.1:54602,,,94,93
1689353878.642271,10.0.2.1:54602,,,90,90
1689353878.673413,10.0.2.1:54602,,,91,90
1689353878.705932,10.0.2.1:54602,,,92,91
1689353878.736892,10.0.2.1:54602,,,92,90
1689353878.766798,10.0.2.1:54602,,,94,93
1689353878.798109,10.0.2.1:54602,,,90,90
1689353878.829266,10.0.2.1:54602,,,93,90
1689353878.859598,10.0.2.1:54602,,,92,91
1689353878.894692,10.0.2.1:54602,,,92,90
1689353878.927888,10.0.2.1:54602,,,92,92
1689353878.961739,10.0.2.1:54602,,,92,91
1689353878.995318,10.0.2.1:54602,,,93,92
1689353879.028406,10.0.2.1:54602,,,90,90
1689353879.056793,10.0.2.1:54602,,,91,90
1689353879.090868,10.0.2.1:54602,,,93,90
1689353879.123294,10.0.2.1:54602,,,91,89
1689353879.155977,10.0.2.1:54602,,,92,89
1689353879.189275,10.0.2.1:54602,,,93,91
1689353879.220923,10.0.2.1:54602,,,91,91
1689353879.250772,10.0.2.1:54602,,,94,91
1689353879.281957,10.0.2.1:54602,,,90,90
1689353879.312257,10.0.2.1:54602,,,91,90
1689353879.339026,10.0.2.1:54602,,,91,90
1689353879.374276,10.0.2.1:54602,,,92,91
1689353879.404261,10.0.2.1:54602,,,93,93
1689353879.431263,10.0.2.1:54602,,,91,90
1689353879.461433,10.0.2.1:54602,,,93,90
1689353879.492428,10.0.2.1:54602,,,91,91
1689353879.520376,10.0.2.1:54602,,,89,89
1689353879.549265,10.0.2.1:54602,,,91,89
1689353879.581283,10.0.2.1:54602,,,93,89
1689353879.611974,10.0.2.1:54602,,,91,91
1689353879.638040,10.0.2.1:54602,,,93,91
1689353879.669558,10.0.2.1:54602,,,92,92
1689353879.701422,10.0.2.1:54602,,,92,91
1689353879.733657,10.0.2.1:54602,,,93,92
1689353879.767380,10.0.2.1:54602,,,90,89
1689353879.798423,10.0.2.1:54602,,,90,90
1689353879.827670,10.0.2.1:54602,,,90,90
1689353879.859225,10.0.2.1:54602,,,92,90
1689353879.892643,10.0.2.1:54602,,,91,91
1689353879.924600,10.0.2.1:54602,,,91,89
1689353879.956104,10.0.2.1:54602,,,92,91
1689353879.982038,10.0.2.1:54602,,,93,93
1689353880.014811,10.0.2.1:54602,,,90,89
1689353880.046348,10.0.2.1:54602,,,93,89
1689353880.077698,10.0.2.1:54602,,,91,91
1689353880.107978,10.0.2.1:54602,,,90,89
1689353880.133828,10.0.2.1:54602,,,92,89
1689353880.166888,10.0.2.1:54602,,,93,92
1689353880.196828,10.0.2.1:54602,,,92,91
1689353880.230284,10.0.2.1:54602,,,93,92
1689353880.261651,10.0.2.1:54602,,,91,91
1689353880.293215,10.0.2.1:54602,,,94,91
1689353880.324775,10.0.2.1:54602,,,91,91
1689353880.357017,10.0.2.1:54602,,,93,91
1689353880.387118,10.0.2.1:54602,,,91,89
1689353880.418158,10.0.2.1:54602,,,91,89
1689353880.448077,10.0.2.1:54602,,,91,89
1689353880.474523,10.0.2.1:54602,,,91,90
1689353880.506664,10.0.2.1:54602,,,93,90
1689353880.538270,10.0.2.1:54602,,,91,91
1689353880.569682,10.0.2.1:54602,,,90,89
1689353880.602448,10.0.2.1:54602,,,90,89
1689353880.634447,10.0.2.1:54602,,,92,89
1689353880.667386,10.0.2.1:54602,,,91,91
1689353880.699356,10.0.2.1:54602,,,93,91
1689353880.732584,10.0.2.1:54602,,,91,91
1689353880.765257,10.0.2.1:54602,,,93,91
1689353880.796576,10.0.2.1:54602,,,92,92
1689353880.830166,10.0.2.1:54602,,,92,91
1689353880.861543,10.0.2.1:54602,,,93,93
1689353880.893357,10.0.2.1:54602,,,91,91
1689353880.925702,10.0.2.1:54602,,,93,93
1689353880.957868,10.0.2.1:54602,,,91,91
1689353880.990040,10.0.2.1:54602,,,93,93
1689353881.020977,10.0.2.1:54602,,,91,91
1689353881.051628,10.0.2.1:54602,,,93,91
1689353881.084573,10.0.2.1:54602,,,92,91
1689353881.116582,10.0.2.1:54602,,,92,91
1689353881.147957,10.0.2.1:54602,,,93,92
1689353881.181260,10.0.2.1:54602,,,90,89
1689353881.214685,10.0.2.1:54602,,,93,89
1689353881.244726,10.0.2.1:54602,,,91,89
1689353881.278957,10.0.2.1:54602,,,91,89
1689353881.311655,10.0.2.1:54602,,,91,90
1689353881.345692,10.0.2.1:54602,,,91,90
1689353881.376246,10.0.2.1:54602,,,94,93
1689353881.405273,10.0.2.1:54602,,,90,89
1689353881.439320,10.0.2.1:54602,,,91,91
1689353881.472265,10.0.2.1:54602,,,94,93
1689353881.499837,10.0.2.1:54602,,,90,89
1689353881.534161,10.0.2.1:54602,,,90,90
1689353881.534231,10.0.2.1:54600,,,10,146
